Copyright 1986-2022 Xilinx, Inc. All Rights Reserved. Copyright 2022-2026 Advanced Micro Devices, Inc. All Rights Reserved.
---------------------------------------------------------------------------------------------------------------------------------------------------------------------------------------------------------------------------------------------------------------------------
| Tool Version : Vivado v.2026.1 (win64) Build 6511674 Tue Jun 16 11:02:23 MDT 2026
| Date         : Fri Sep 25 17:52:29 2026
| Host         : PC1-2D running 64-bit major release  (build 9200)
| Command      : report_timing_summary -max_paths 10 -routable_nets -report_unconstrained -file SPU_103_L3_Chain_Core_timing_summary_routed.rpt -pb SPU_103_L3_Chain_Core_timing_summary_routed.pb -rpx SPU_103_L3_Chain_Core_timing_summary_routed.rpx -warn_on_violation
| Design       : SPU_103_L3_Chain_Core
| Device       : 7a12tl-cpg238
| Speed File   : -2L  PRODUCTION 1.14 2018-01-25
| Design State : Routed
---------------------------------------------------------------------------------------------------------------------------------------------------------------------------------------------------------------------------------------------------------------------------

Timing Summary Report

------------------------------------------------------------------------------------------------
| Timer Settings
| --------------
------------------------------------------------------------------------------------------------

  Enable Multi Corner Analysis               :  Yes
  Enable Pessimism Removal                   :  Yes
  Pessimism Removal Resolution               :  Nearest Common Node
  Enable Input Delay Default Clock           :  No
  Enable Preset / Clear Arcs                 :  No
  Disable Flight Delays                      :  No
  Ignore I/O Paths                           :  No
  Timing Early Launch at Borrowing Latches   :  No
  Borrow Time for Max Delay Exceptions       :  Yes
  Merge Timing Exceptions                    :  Yes
  Inter-SLR Compensation                     :  Conservative

  Corner  Analyze    Analyze    
  Name    Max Paths  Min Paths  
  ------  ---------  ---------  
  Slow    Yes        Yes        
  Fast    Yes        Yes        


------------------------------------------------------------------------------------------------
| Report Methodology
| ------------------
------------------------------------------------------------------------------------------------

Rule       Severity  Description                    Violations  
---------  --------  -----------------------------  ----------  
TIMING-9   Warning   Unknown CDC Logic              1           
TIMING-18  Warning   Missing input or output delay  164         

Note: This report is based on the most recent report_methodology run and may not be up-to-date. Run report_methodology on the current design for the latest report.



check_timing report

Table of Contents
-----------------
1. checking no_clock (0)
2. checking constant_clock (0)
3. checking pulse_width_clock (0)
4. checking unconstrained_internal_endpoints (0)
5. checking no_input_delay (6)
6. checking no_output_delay (98)
7. checking multiple_clock (0)
8. checking generated_clocks (0)
9. checking loops (0)
10. checking partial_input_delay (0)
11. checking partial_output_delay (0)
12. checking latch_loops (0)

1. checking no_clock (0)
------------------------
 There are 0 register/latch pins with no clock.


2. checking constant_clock (0)
------------------------------
 There are 0 register/latch pins with constant_clock.


3. checking pulse_width_clock (0)
---------------------------------
 There are 0 register/latch pins which need pulse_width check


4. checking unconstrained_internal_endpoints (0)
------------------------------------------------
 There are 0 pins that are not constrained for maximum delay.

 There are 0 pins that are not constrained for maximum delay due to constant clock.


5. checking no_input_delay (6)
------------------------------
 There are 6 input ports with no input delay specified. (HIGH)

 There are 0 input ports with no input delay but user has a false path constraint.


6. checking no_output_delay (98)
--------------------------------
 There are 98 ports with no output delay specified. (HIGH)

 There are 0 ports with no output delay but user has a false path constraint

 There are 0 ports with no output delay but with a timing clock defined on it or propagating through it


7. checking multiple_clock (0)
------------------------------
 There are 0 register/latch pins with multiple clocks.


8. checking generated_clocks (0)
--------------------------------
 There are 0 generated clocks that are not connected to a clock source.


9. checking loops (0)
---------------------
 There are 0 combinational loops in the design.


10. checking partial_input_delay (0)
------------------------------------
 There are 0 input ports with partial input delay specified.


11. checking partial_output_delay (0)
-------------------------------------
 There are 0 ports with partial output delay specified.


12. checking latch_loops (0)
----------------------------
 There are 0 combinational latch loops in the design through latch input



------------------------------------------------------------------------------------------------
| Design Timing Summary
| ---------------------
------------------------------------------------------------------------------------------------

    WNS(ns)      TNS(ns)  TNS Failing Endpoints  TNS Total Endpoints      WHS(ns)      THS(ns)  THS Failing Endpoints  THS Total Endpoints     WPWS(ns)     TPWS(ns)  TPWS Failing Endpoints  TPWS Total Endpoints  
    -------      -------  ---------------------  -------------------      -------      -------  ---------------------  -------------------     --------     --------  ----------------------  --------------------  
      1.596        0.000                      0                  202        0.142        0.000                      0                  202        0.750        0.000                       0                   111  


All user specified timing constraints are met.


------------------------------------------------------------------------------------------------
| Clock Summary
| -------------
------------------------------------------------------------------------------------------------

Clock       Waveform(ns)         Period(ns)      Frequency(MHz)
-----       ------------         ----------      --------------
phy_rx_clk  {0.000 4.000}        8.000           125.000         
sys_clk     {0.000 1.250}        2.500           400.000         


------------------------------------------------------------------------------------------------
| Intra Clock Table
| -----------------
------------------------------------------------------------------------------------------------

Clock             WNS(ns)      TNS(ns)  TNS Failing Endpoints  TNS Total Endpoints      WHS(ns)      THS(ns)  THS Failing Endpoints  THS Total Endpoints     WPWS(ns)     TPWS(ns)  TPWS Failing Endpoints  TPWS Total Endpoints  
-----             -------      -------  ---------------------  -------------------      -------      -------  ---------------------  -------------------     --------     --------  ----------------------  --------------------  
phy_rx_clk          4.309        0.000                      0                  198        0.177        0.000                      0                  198        3.500        0.000                       0                   103  
sys_clk             1.596        0.000                      0                    4        0.142        0.000                      0                    4        0.750        0.000                       0                     8  


------------------------------------------------------------------------------------------------
| Inter Clock Table
| -----------------
------------------------------------------------------------------------------------------------

From Clock    To Clock          WNS(ns)      TNS(ns)  TNS Failing Endpoints  TNS Total Endpoints      WHS(ns)      THS(ns)  THS Failing Endpoints  THS Total Endpoints  
----------    --------          -------      -------  ---------------------  -------------------      -------      -------  ---------------------  -------------------  


------------------------------------------------------------------------------------------------
| Other Path Groups Table
| -----------------------
------------------------------------------------------------------------------------------------

Path Group    From Clock    To Clock          WNS(ns)      TNS(ns)  TNS Failing Endpoints  TNS Total Endpoints      WHS(ns)      THS(ns)  THS Failing Endpoints  THS Total Endpoints  
----------    ----------    --------          -------      -------  ---------------------  -------------------      -------      -------  ---------------------  -------------------  


------------------------------------------------------------------------------------------------
| User Ignored Path Table
| -----------------------
------------------------------------------------------------------------------------------------

Path Group    From Clock    To Clock    
----------    ----------    --------    
(none)        sys_clk       phy_rx_clk    


------------------------------------------------------------------------------------------------
| Unconstrained Path Table
| ------------------------
------------------------------------------------------------------------------------------------

Path Group    From Clock    To Clock    
----------    ----------    --------    
(none)        phy_rx_clk                  
(none)                      phy_rx_clk    
(none)                      sys_clk       


------------------------------------------------------------------------------------------------
| Timing Details
| --------------
------------------------------------------------------------------------------------------------


---------------------------------------------------------------------------------------------------
From Clock:  phy_rx_clk
  To Clock:  phy_rx_clk

Setup :            0  Failing Endpoints,  Worst Slack        4.309ns,  Total Violation        0.000ns
Hold  :            0  Failing Endpoints,  Worst Slack        0.177ns,  Total Violation        0.000ns
PW    :            0  Failing Endpoints,  Worst Slack        3.500ns,  Total Violation        0.000ns
---------------------------------------------------------------------------------------------------


Max Delay Paths
--------------------------------------------------------------------------------------
Slack (MET) :             4.309ns  (required time - arrival time)
  Source:                 phy_rx_dv
                            (input port clocked by phy_rx_clk  {rise@0.000ns fall@4.000ns period=8.000ns})
  Destination:            r_count_anomaly_reg[28]/CE
                            (rising edge-triggered cell FDCE clocked by phy_rx_clk  {rise@0.000ns fall@4.000ns period=8.000ns})
  Path Group:             phy_rx_clk
  Path Type:              Setup (Max at Slow Process Corner)
  Requirement:            8.000ns  (phy_rx_clk rise@8.000ns - phy_rx_clk rise@0.000ns)
  Data Path Delay:        2.110ns  (logic 0.172ns (8.152%)  route 1.938ns (91.848%))
  Logic Levels:           1  (LUT5=1)
  Input Delay:            2.000ns
  Clock Path Skew:        0.986ns (DCD - SCD + CPR)
    Destination Clock Delay (DCD):    0.986ns = ( 8.986 - 8.000 ) 
    Source Clock Delay      (SCD):    0.000ns
    Clock Pessimism Removal (CPR):    0.000ns
  Clock Uncertainty:      0.035ns  ((TSJ^2 + TIJ^2)^1/2 + DJ) / 2 + PE
    Total System Jitter     (TSJ):    0.071ns
    Total Input Jitter      (TIJ):    0.000ns
    Discrete Jitter          (DJ):    0.000ns
    Phase Error              (PE):    0.000ns

    Location             Delay type                Incr(ns)  Path(ns)    Netlist Resource(s)
  -------------------------------------------------------------------    -------------------
                         (clock phy_rx_clk rise edge)
                                                      0.000     0.000 r  <hidden>
                         input delay                  2.000     2.000    <hidden>
                                                      0.000     2.000 r  phy_rx_dv
                         net (fo=6, unset)            1.038     3.038    phy_rx_dv
    SLICE_X3Y50          LUT5 (Prop_lut5_I2_O)        0.172     3.210 r  r_count_anomaly[31]_i_1/O
                         net (fo=32, routed)          0.900     4.110    r_count_anomaly[31]_i_1_n_0
    SLICE_X2Y58          FDCE                                         r  r_count_anomaly_reg[28]/CE
  -------------------------------------------------------------------    -------------------

                         (clock phy_rx_clk rise edge)
                                                      8.000     8.000 r  <hidden>
                                                      0.000     8.000 r  phy_rx_clk
                         net (fo=102, unset)          0.986     8.986    phy_rx_clk
    SLICE_X2Y58          FDCE                                         r  r_count_anomaly_reg[28]/C
                         clock pessimism              0.000     8.986    <hidden>
                         clock uncertainty           -0.035     8.951    <hidden>
    SLICE_X2Y58          FDCE (Setup_fdce_C_CE)      -0.532     8.419    r_count_anomaly_reg[28]
  -------------------------------------------------------------------
                         required time                          8.419    <hidden>
                         arrival time                          -4.110    <hidden>
  -------------------------------------------------------------------
                         slack                                  4.309    <hidden>

Slack (MET) :             4.309ns  (required time - arrival time)
  Source:                 phy_rx_dv
                            (input port clocked by phy_rx_clk  {rise@0.000ns fall@4.000ns period=8.000ns})
  Destination:            r_count_anomaly_reg[29]/CE
                            (rising edge-triggered cell FDCE clocked by phy_rx_clk  {rise@0.000ns fall@4.000ns period=8.000ns})
  Path Group:             phy_rx_clk
  Path Type:              Setup (Max at Slow Process Corner)
  Requirement:            8.000ns  (phy_rx_clk rise@8.000ns - phy_rx_clk rise@0.000ns)
  Data Path Delay:        2.110ns  (logic 0.172ns (8.152%)  route 1.938ns (91.848%))
  Logic Levels:           1  (LUT5=1)
  Input Delay:            2.000ns
  Clock Path Skew:        0.986ns (DCD - SCD + CPR)
    Destination Clock Delay (DCD):    0.986ns = ( 8.986 - 8.000 ) 
    Source Clock Delay      (SCD):    0.000ns
    Clock Pessimism Removal (CPR):    0.000ns
  Clock Uncertainty:      0.035ns  ((TSJ^2 + TIJ^2)^1/2 + DJ) / 2 + PE
    Total System Jitter     (TSJ):    0.071ns
    Total Input Jitter      (TIJ):    0.000ns
    Discrete Jitter          (DJ):    0.000ns
    Phase Error              (PE):    0.000ns

    Location             Delay type                Incr(ns)  Path(ns)    Netlist Resource(s)
  -------------------------------------------------------------------    -------------------
                         (clock phy_rx_clk rise edge)
                                                      0.000     0.000 r  <hidden>
                         input delay                  2.000     2.000    <hidden>
                                                      0.000     2.000 r  phy_rx_dv
                         net (fo=6, unset)            1.038     3.038    phy_rx_dv
    SLICE_X3Y50          LUT5 (Prop_lut5_I2_O)        0.172     3.210 r  r_count_anomaly[31]_i_1/O
                         net (fo=32, routed)          0.900     4.110    r_count_anomaly[31]_i_1_n_0
    SLICE_X2Y58          FDCE                                         r  r_count_anomaly_reg[29]/CE
  -------------------------------------------------------------------    -------------------

                         (clock phy_rx_clk rise edge)
                                                      8.000     8.000 r  <hidden>
                                                      0.000     8.000 r  phy_rx_clk
                         net (fo=102, unset)          0.986     8.986    phy_rx_clk
    SLICE_X2Y58          FDCE                                         r  r_count_anomaly_reg[29]/C
                         clock pessimism              0.000     8.986    <hidden>
                         clock uncertainty           -0.035     8.951    <hidden>
    SLICE_X2Y58          FDCE (Setup_fdce_C_CE)      -0.532     8.419    r_count_anomaly_reg[29]
  -------------------------------------------------------------------
                         required time                          8.419    <hidden>
                         arrival time                          -4.110    <hidden>
  -------------------------------------------------------------------
                         slack                                  4.309    <hidden>

Slack (MET) :             4.309ns  (required time - arrival time)
  Source:                 phy_rx_dv
                            (input port clocked by phy_rx_clk  {rise@0.000ns fall@4.000ns period=8.000ns})
  Destination:            r_count_anomaly_reg[30]/CE
                            (rising edge-triggered cell FDCE clocked by phy_rx_clk  {rise@0.000ns fall@4.000ns period=8.000ns})
  Path Group:             phy_rx_clk
  Path Type:              Setup (Max at Slow Process Corner)
  Requirement:            8.000ns  (phy_rx_clk rise@8.000ns - phy_rx_clk rise@0.000ns)
  Data Path Delay:        2.110ns  (logic 0.172ns (8.152%)  route 1.938ns (91.848%))
  Logic Levels:           1  (LUT5=1)
  Input Delay:            2.000ns
  Clock Path Skew:        0.986ns (DCD - SCD + CPR)
    Destination Clock Delay (DCD):    0.986ns = ( 8.986 - 8.000 ) 
    Source Clock Delay      (SCD):    0.000ns
    Clock Pessimism Removal (CPR):    0.000ns
  Clock Uncertainty:      0.035ns  ((TSJ^2 + TIJ^2)^1/2 + DJ) / 2 + PE
    Total System Jitter     (TSJ):    0.071ns
    Total Input Jitter      (TIJ):    0.000ns
    Discrete Jitter          (DJ):    0.000ns
    Phase Error              (PE):    0.000ns

    Location             Delay type                Incr(ns)  Path(ns)    Netlist Resource(s)
  -------------------------------------------------------------------    -------------------
                         (clock phy_rx_clk rise edge)
                                                      0.000     0.000 r  <hidden>
                         input delay                  2.000     2.000    <hidden>
                                                      0.000     2.000 r  phy_rx_dv
                         net (fo=6, unset)            1.038     3.038    phy_rx_dv
    SLICE_X3Y50          LUT5 (Prop_lut5_I2_O)        0.172     3.210 r  r_count_anomaly[31]_i_1/O
                         net (fo=32, routed)          0.900     4.110    r_count_anomaly[31]_i_1_n_0
    SLICE_X2Y58          FDCE                                         r  r_count_anomaly_reg[30]/CE
  -------------------------------------------------------------------    -------------------

                         (clock phy_rx_clk rise edge)
                                                      8.000     8.000 r  <hidden>
                                                      0.000     8.000 r  phy_rx_clk
                         net (fo=102, unset)          0.986     8.986    phy_rx_clk
    SLICE_X2Y58          FDCE                                         r  r_count_anomaly_reg[30]/C
                         clock pessimism              0.000     8.986    <hidden>
                         clock uncertainty           -0.035     8.951    <hidden>
    SLICE_X2Y58          FDCE (Setup_fdce_C_CE)      -0.532     8.419    r_count_anomaly_reg[30]
  -------------------------------------------------------------------
                         required time                          8.419    <hidden>
                         arrival time                          -4.110    <hidden>
  -------------------------------------------------------------------
                         slack                                  4.309    <hidden>

Slack (MET) :             4.309ns  (required time - arrival time)
  Source:                 phy_rx_dv
                            (input port clocked by phy_rx_clk  {rise@0.000ns fall@4.000ns period=8.000ns})
  Destination:            r_count_anomaly_reg[31]/CE
                            (rising edge-triggered cell FDCE clocked by phy_rx_clk  {rise@0.000ns fall@4.000ns period=8.000ns})
  Path Group:             phy_rx_clk
  Path Type:              Setup (Max at Slow Process Corner)
  Requirement:            8.000ns  (phy_rx_clk rise@8.000ns - phy_rx_clk rise@0.000ns)
  Data Path Delay:        2.110ns  (logic 0.172ns (8.152%)  route 1.938ns (91.848%))
  Logic Levels:           1  (LUT5=1)
  Input Delay:            2.000ns
  Clock Path Skew:        0.986ns (DCD - SCD + CPR)
    Destination Clock Delay (DCD):    0.986ns = ( 8.986 - 8.000 ) 
    Source Clock Delay      (SCD):    0.000ns
    Clock Pessimism Removal (CPR):    0.000ns
  Clock Uncertainty:      0.035ns  ((TSJ^2 + TIJ^2)^1/2 + DJ) / 2 + PE
    Total System Jitter     (TSJ):    0.071ns
    Total Input Jitter      (TIJ):    0.000ns
    Discrete Jitter          (DJ):    0.000ns
    Phase Error              (PE):    0.000ns

    Location             Delay type                Incr(ns)  Path(ns)    Netlist Resource(s)
  -------------------------------------------------------------------    -------------------
                         (clock phy_rx_clk rise edge)
                                                      0.000     0.000 r  <hidden>
                         input delay                  2.000     2.000    <hidden>
                                                      0.000     2.000 r  phy_rx_dv
                         net (fo=6, unset)            1.038     3.038    phy_rx_dv
    SLICE_X3Y50          LUT5 (Prop_lut5_I2_O)        0.172     3.210 r  r_count_anomaly[31]_i_1/O
                         net (fo=32, routed)          0.900     4.110    r_count_anomaly[31]_i_1_n_0
    SLICE_X2Y58          FDCE                                         r  r_count_anomaly_reg[31]/CE
  -------------------------------------------------------------------    -------------------

                         (clock phy_rx_clk rise edge)
                                                      8.000     8.000 r  <hidden>
                                                      0.000     8.000 r  phy_rx_clk
                         net (fo=102, unset)          0.986     8.986    phy_rx_clk
    SLICE_X2Y58          FDCE                                         r  r_count_anomaly_reg[31]/C
                         clock pessimism              0.000     8.986    <hidden>
                         clock uncertainty           -0.035     8.951    <hidden>
    SLICE_X2Y58          FDCE (Setup_fdce_C_CE)      -0.532     8.419    r_count_anomaly_reg[31]
  -------------------------------------------------------------------
                         required time                          8.419    <hidden>
                         arrival time                          -4.110    <hidden>
  -------------------------------------------------------------------
                         slack                                  4.309    <hidden>

Slack (MET) :             4.404ns  (required time - arrival time)
  Source:                 phy_rx_dv
                            (input port clocked by phy_rx_clk  {rise@0.000ns fall@4.000ns period=8.000ns})
  Destination:            r_count_clean_reg[28]/CE
                            (rising edge-triggered cell FDCE clocked by phy_rx_clk  {rise@0.000ns fall@4.000ns period=8.000ns})
  Path Group:             phy_rx_clk
  Path Type:              Setup (Max at Slow Process Corner)
  Requirement:            8.000ns  (phy_rx_clk rise@8.000ns - phy_rx_clk rise@0.000ns)
  Data Path Delay:        2.203ns  (logic 0.148ns (6.719%)  route 2.055ns (93.281%))
  Logic Levels:           1  (LUT5=1)
  Input Delay:            2.000ns
  Clock Path Skew:        0.986ns (DCD - SCD + CPR)
    Destination Clock Delay (DCD):    0.986ns = ( 8.986 - 8.000 ) 
    Source Clock Delay      (SCD):    0.000ns
    Clock Pessimism Removal (CPR):    0.000ns
  Clock Uncertainty:      0.035ns  ((TSJ^2 + TIJ^2)^1/2 + DJ) / 2 + PE
    Total System Jitter     (TSJ):    0.071ns
    Total Input Jitter      (TIJ):    0.000ns
    Discrete Jitter          (DJ):    0.000ns
    Phase Error              (PE):    0.000ns

    Location             Delay type                Incr(ns)  Path(ns)    Netlist Resource(s)
  -------------------------------------------------------------------    -------------------
                         (clock phy_rx_clk rise edge)
                                                      0.000     0.000 r  <hidden>
                         input delay                  2.000     2.000    <hidden>
                                                      0.000     2.000 r  phy_rx_dv
                         net (fo=6, unset)            1.038     3.038    phy_rx_dv
    SLICE_X3Y50          LUT5 (Prop_lut5_I2_O)        0.148     3.186 r  r_count_clean[31]_i_1/O
                         net (fo=32, routed)          1.017     4.203    r_count_clean[31]_i_1_n_0
    SLICE_X3Y58          FDCE                                         r  r_count_clean_reg[28]/CE
  -------------------------------------------------------------------    -------------------

                         (clock phy_rx_clk rise edge)
                                                      8.000     8.000 r  <hidden>
                                                      0.000     8.000 r  phy_rx_clk
                         net (fo=102, unset)          0.986     8.986    phy_rx_clk
    SLICE_X3Y58          FDCE                                         r  r_count_clean_reg[28]/C
                         clock pessimism              0.000     8.986    <hidden>
                         clock uncertainty           -0.035     8.951    <hidden>
    SLICE_X3Y58          FDCE (Setup_fdce_C_CE)      -0.344     8.607    r_count_clean_reg[28]
  -------------------------------------------------------------------
                         required time                          8.607    <hidden>
                         arrival time                          -4.203    <hidden>
  -------------------------------------------------------------------
                         slack                                  4.404    <hidden>

Slack (MET) :             4.404ns  (required time - arrival time)
  Source:                 phy_rx_dv
                            (input port clocked by phy_rx_clk  {rise@0.000ns fall@4.000ns period=8.000ns})
  Destination:            r_count_clean_reg[29]/CE
                            (rising edge-triggered cell FDCE clocked by phy_rx_clk  {rise@0.000ns fall@4.000ns period=8.000ns})
  Path Group:             phy_rx_clk
  Path Type:              Setup (Max at Slow Process Corner)
  Requirement:            8.000ns  (phy_rx_clk rise@8.000ns - phy_rx_clk rise@0.000ns)
  Data Path Delay:        2.203ns  (logic 0.148ns (6.719%)  route 2.055ns (93.281%))
  Logic Levels:           1  (LUT5=1)
  Input Delay:            2.000ns
  Clock Path Skew:        0.986ns (DCD - SCD + CPR)
    Destination Clock Delay (DCD):    0.986ns = ( 8.986 - 8.000 ) 
    Source Clock Delay      (SCD):    0.000ns
    Clock Pessimism Removal (CPR):    0.000ns
  Clock Uncertainty:      0.035ns  ((TSJ^2 + TIJ^2)^1/2 + DJ) / 2 + PE
    Total System Jitter     (TSJ):    0.071ns
    Total Input Jitter      (TIJ):    0.000ns
    Discrete Jitter          (DJ):    0.000ns
    Phase Error              (PE):    0.000ns

    Location             Delay type                Incr(ns)  Path(ns)    Netlist Resource(s)
  -------------------------------------------------------------------    -------------------
                         (clock phy_rx_clk rise edge)
                                                      0.000     0.000 r  <hidden>
                         input delay                  2.000     2.000    <hidden>
                                                      0.000     2.000 r  phy_rx_dv
                         net (fo=6, unset)            1.038     3.038    phy_rx_dv
    SLICE_X3Y50          LUT5 (Prop_lut5_I2_O)        0.148     3.186 r  r_count_clean[31]_i_1/O
                         net (fo=32, routed)          1.017     4.203    r_count_clean[31]_i_1_n_0
    SLICE_X3Y58          FDCE                                         r  r_count_clean_reg[29]/CE
  -------------------------------------------------------------------    -------------------

                         (clock phy_rx_clk rise edge)
                                                      8.000     8.000 r  <hidden>
                                                      0.000     8.000 r  phy_rx_clk
                         net (fo=102, unset)          0.986     8.986    phy_rx_clk
    SLICE_X3Y58          FDCE                                         r  r_count_clean_reg[29]/C
                         clock pessimism              0.000     8.986    <hidden>
                         clock uncertainty           -0.035     8.951    <hidden>
    SLICE_X3Y58          FDCE (Setup_fdce_C_CE)      -0.344     8.607    r_count_clean_reg[29]
  -------------------------------------------------------------------
                         required time                          8.607    <hidden>
                         arrival time                          -4.203    <hidden>
  -------------------------------------------------------------------
                         slack                                  4.404    <hidden>

Slack (MET) :             4.404ns  (required time - arrival time)
  Source:                 phy_rx_dv
                            (input port clocked by phy_rx_clk  {rise@0.000ns fall@4.000ns period=8.000ns})
  Destination:            r_count_clean_reg[30]/CE
                            (rising edge-triggered cell FDCE clocked by phy_rx_clk  {rise@0.000ns fall@4.000ns period=8.000ns})
  Path Group:             phy_rx_clk
  Path Type:              Setup (Max at Slow Process Corner)
  Requirement:            8.000ns  (phy_rx_clk rise@8.000ns - phy_rx_clk rise@0.000ns)
  Data Path Delay:        2.203ns  (logic 0.148ns (6.719%)  route 2.055ns (93.281%))
  Logic Levels:           1  (LUT5=1)
  Input Delay:            2.000ns
  Clock Path Skew:        0.986ns (DCD - SCD + CPR)
    Destination Clock Delay (DCD):    0.986ns = ( 8.986 - 8.000 ) 
    Source Clock Delay      (SCD):    0.000ns
    Clock Pessimism Removal (CPR):    0.000ns
  Clock Uncertainty:      0.035ns  ((TSJ^2 + TIJ^2)^1/2 + DJ) / 2 + PE
    Total System Jitter     (TSJ):    0.071ns
    Total Input Jitter      (TIJ):    0.000ns
    Discrete Jitter          (DJ):    0.000ns
    Phase Error              (PE):    0.000ns

    Location             Delay type                Incr(ns)  Path(ns)    Netlist Resource(s)
  -------------------------------------------------------------------    -------------------
                         (clock phy_rx_clk rise edge)
                                                      0.000     0.000 r  <hidden>
                         input delay                  2.000     2.000    <hidden>
                                                      0.000     2.000 r  phy_rx_dv
                         net (fo=6, unset)            1.038     3.038    phy_rx_dv
    SLICE_X3Y50          LUT5 (Prop_lut5_I2_O)        0.148     3.186 r  r_count_clean[31]_i_1/O
                         net (fo=32, routed)          1.017     4.203    r_count_clean[31]_i_1_n_0
    SLICE_X3Y58          FDCE                                         r  r_count_clean_reg[30]/CE
  -------------------------------------------------------------------    -------------------

                         (clock phy_rx_clk rise edge)
                                                      8.000     8.000 r  <hidden>
                                                      0.000     8.000 r  phy_rx_clk
                         net (fo=102, unset)          0.986     8.986    phy_rx_clk
    SLICE_X3Y58          FDCE                                         r  r_count_clean_reg[30]/C
                         clock pessimism              0.000     8.986    <hidden>
                         clock uncertainty           -0.035     8.951    <hidden>
    SLICE_X3Y58          FDCE (Setup_fdce_C_CE)      -0.344     8.607    r_count_clean_reg[30]
  -------------------------------------------------------------------
                         required time                          8.607    <hidden>
                         arrival time                          -4.203    <hidden>
  -------------------------------------------------------------------
                         slack                                  4.404    <hidden>

Slack (MET) :             4.404ns  (required time - arrival time)
  Source:                 phy_rx_dv
                            (input port clocked by phy_rx_clk  {rise@0.000ns fall@4.000ns period=8.000ns})
  Destination:            r_count_clean_reg[31]/CE
                            (rising edge-triggered cell FDCE clocked by phy_rx_clk  {rise@0.000ns fall@4.000ns period=8.000ns})
  Path Group:             phy_rx_clk
  Path Type:              Setup (Max at Slow Process Corner)
  Requirement:            8.000ns  (phy_rx_clk rise@8.000ns - phy_rx_clk rise@0.000ns)
  Data Path Delay:        2.203ns  (logic 0.148ns (6.719%)  route 2.055ns (93.281%))
  Logic Levels:           1  (LUT5=1)
  Input Delay:            2.000ns
  Clock Path Skew:        0.986ns (DCD - SCD + CPR)
    Destination Clock Delay (DCD):    0.986ns = ( 8.986 - 8.000 ) 
    Source Clock Delay      (SCD):    0.000ns
    Clock Pessimism Removal (CPR):    0.000ns
  Clock Uncertainty:      0.035ns  ((TSJ^2 + TIJ^2)^1/2 + DJ) / 2 + PE
    Total System Jitter     (TSJ):    0.071ns
    Total Input Jitter      (TIJ):    0.000ns
    Discrete Jitter          (DJ):    0.000ns
    Phase Error              (PE):    0.000ns

    Location             Delay type                Incr(ns)  Path(ns)    Netlist Resource(s)
  -------------------------------------------------------------------    -------------------
                         (clock phy_rx_clk rise edge)
                                                      0.000     0.000 r  <hidden>
                         input delay                  2.000     2.000    <hidden>
                                                      0.000     2.000 r  phy_rx_dv
                         net (fo=6, unset)            1.038     3.038    phy_rx_dv
    SLICE_X3Y50          LUT5 (Prop_lut5_I2_O)        0.148     3.186 r  r_count_clean[31]_i_1/O
                         net (fo=32, routed)          1.017     4.203    r_count_clean[31]_i_1_n_0
    SLICE_X3Y58          FDCE                                         r  r_count_clean_reg[31]/CE
  -------------------------------------------------------------------    -------------------

                         (clock phy_rx_clk rise edge)
                                                      8.000     8.000 r  <hidden>
                                                      0.000     8.000 r  phy_rx_clk
                         net (fo=102, unset)          0.986     8.986    phy_rx_clk
    SLICE_X3Y58          FDCE                                         r  r_count_clean_reg[31]/C
                         clock pessimism              0.000     8.986    <hidden>
                         clock uncertainty           -0.035     8.951    <hidden>
    SLICE_X3Y58          FDCE (Setup_fdce_C_CE)      -0.344     8.607    r_count_clean_reg[31]
  -------------------------------------------------------------------
                         required time                          8.607    <hidden>
                         arrival time                          -4.203    <hidden>
  -------------------------------------------------------------------
                         slack                                  4.404    <hidden>

Slack (MET) :             4.443ns  (required time - arrival time)
  Source:                 phy_rx_dv
                            (input port clocked by phy_rx_clk  {rise@0.000ns fall@4.000ns period=8.000ns})
  Destination:            r_count_anomaly_reg[20]/CE
                            (rising edge-triggered cell FDCE clocked by phy_rx_clk  {rise@0.000ns fall@4.000ns period=8.000ns})
  Path Group:             phy_rx_clk
  Path Type:              Setup (Max at Slow Process Corner)
  Requirement:            8.000ns  (phy_rx_clk rise@8.000ns - phy_rx_clk rise@0.000ns)
  Data Path Delay:        1.975ns  (logic 0.172ns (8.707%)  route 1.803ns (91.293%))
  Logic Levels:           1  (LUT5=1)
  Input Delay:            2.000ns
  Clock Path Skew:        0.986ns (DCD - SCD + CPR)
    Destination Clock Delay (DCD):    0.986ns = ( 8.986 - 8.000 ) 
    Source Clock Delay      (SCD):    0.000ns
    Clock Pessimism Removal (CPR):    0.000ns
  Clock Uncertainty:      0.035ns  ((TSJ^2 + TIJ^2)^1/2 + DJ) / 2 + PE
    Total System Jitter     (TSJ):    0.071ns
    Total Input Jitter      (TIJ):    0.000ns
    Discrete Jitter          (DJ):    0.000ns
    Phase Error              (PE):    0.000ns

    Location             Delay type                Incr(ns)  Path(ns)    Netlist Resource(s)
  -------------------------------------------------------------------    -------------------
                         (clock phy_rx_clk rise edge)
                                                      0.000     0.000 r  <hidden>
                         input delay                  2.000     2.000    <hidden>
                                                      0.000     2.000 r  phy_rx_dv
                         net (fo=6, unset)            1.038     3.038    phy_rx_dv
    SLICE_X3Y50          LUT5 (Prop_lut5_I2_O)        0.172     3.210 r  r_count_anomaly[31]_i_1/O
                         net (fo=32, routed)          0.765     3.975    r_count_anomaly[31]_i_1_n_0
    SLICE_X2Y56          FDCE                                         r  r_count_anomaly_reg[20]/CE
  -------------------------------------------------------------------    -------------------

                         (clock phy_rx_clk rise edge)
                                                      8.000     8.000 r  <hidden>
                                                      0.000     8.000 r  phy_rx_clk
                         net (fo=102, unset)          0.986     8.986    phy_rx_clk
    SLICE_X2Y56          FDCE                                         r  r_count_anomaly_reg[20]/C
                         clock pessimism              0.000     8.986    <hidden>
                         clock uncertainty           -0.035     8.951    <hidden>
    SLICE_X2Y56          FDCE (Setup_fdce_C_CE)      -0.532     8.419    r_count_anomaly_reg[20]
  -------------------------------------------------------------------
                         required time                          8.419    <hidden>
                         arrival time                          -3.975    <hidden>
  -------------------------------------------------------------------
                         slack                                  4.443    <hidden>

Slack (MET) :             4.443ns  (required time - arrival time)
  Source:                 phy_rx_dv
                            (input port clocked by phy_rx_clk  {rise@0.000ns fall@4.000ns period=8.000ns})
  Destination:            r_count_anomaly_reg[21]/CE
                            (rising edge-triggered cell FDCE clocked by phy_rx_clk  {rise@0.000ns fall@4.000ns period=8.000ns})
  Path Group:             phy_rx_clk
  Path Type:              Setup (Max at Slow Process Corner)
  Requirement:            8.000ns  (phy_rx_clk rise@8.000ns - phy_rx_clk rise@0.000ns)
  Data Path Delay:        1.975ns  (logic 0.172ns (8.707%)  route 1.803ns (91.293%))
  Logic Levels:           1  (LUT5=1)
  Input Delay:            2.000ns
  Clock Path Skew:        0.986ns (DCD - SCD + CPR)
    Destination Clock Delay (DCD):    0.986ns = ( 8.986 - 8.000 ) 
    Source Clock Delay      (SCD):    0.000ns
    Clock Pessimism Removal (CPR):    0.000ns
  Clock Uncertainty:      0.035ns  ((TSJ^2 + TIJ^2)^1/2 + DJ) / 2 + PE
    Total System Jitter     (TSJ):    0.071ns
    Total Input Jitter      (TIJ):    0.000ns
    Discrete Jitter          (DJ):    0.000ns
    Phase Error              (PE):    0.000ns

    Location             Delay type                Incr(ns)  Path(ns)    Netlist Resource(s)
  -------------------------------------------------------------------    -------------------
                         (clock phy_rx_clk rise edge)
                                                      0.000     0.000 r  <hidden>
                         input delay                  2.000     2.000    <hidden>
                                                      0.000     2.000 r  phy_rx_dv
                         net (fo=6, unset)            1.038     3.038    phy_rx_dv
    SLICE_X3Y50          LUT5 (Prop_lut5_I2_O)        0.172     3.210 r  r_count_anomaly[31]_i_1/O
                         net (fo=32, routed)          0.765     3.975    r_count_anomaly[31]_i_1_n_0
    SLICE_X2Y56          FDCE                                         r  r_count_anomaly_reg[21]/CE
  -------------------------------------------------------------------    -------------------

                         (clock phy_rx_clk rise edge)
                                                      8.000     8.000 r  <hidden>
                                                      0.000     8.000 r  phy_rx_clk
                         net (fo=102, unset)          0.986     8.986    phy_rx_clk
    SLICE_X2Y56          FDCE                                         r  r_count_anomaly_reg[21]/C
                         clock pessimism              0.000     8.986    <hidden>
                         clock uncertainty           -0.035     8.951    <hidden>
    SLICE_X2Y56          FDCE (Setup_fdce_C_CE)      -0.532     8.419    r_count_anomaly_reg[21]
  -------------------------------------------------------------------
                         required time                          8.419    <hidden>
                         arrival time                          -3.975    <hidden>
  -------------------------------------------------------------------
                         slack                                  4.443    <hidden>





Min Delay Paths
--------------------------------------------------------------------------------------
Slack (MET) :             0.177ns  (arrival time - required time)
  Source:                 phy_rxd[1]
                            (input port clocked by phy_rx_clk  {rise@0.000ns fall@4.000ns period=8.000ns})
  Destination:            reg_tdata_prev_reg[1]/D
                            (rising edge-triggered cell FDCE clocked by phy_rx_clk  {rise@0.000ns fall@4.000ns period=8.000ns})
  Path Group:             phy_rx_clk
  Path Type:              Hold (Min at Slow Process Corner)
  Requirement:            0.000ns  (phy_rx_clk rise@0.000ns - phy_rx_clk rise@0.000ns)
  Data Path Delay:        1.113ns  (logic 0.127ns (11.410%)  route 0.986ns (88.590%))
  Logic Levels:           1  (LUT3=1)
  Input Delay:            0.500ns
  Clock Path Skew:        1.038ns (DCD - SCD - CPR)
    Destination Clock Delay (DCD):    1.038ns
    Source Clock Delay      (SCD):    0.000ns
    Clock Pessimism Removal (CPR):    -0.000ns
  Clock Uncertainty:      0.035ns  ((TSJ^2 + TIJ^2)^1/2 + DJ) / 2 + PE
    Total System Jitter     (TSJ):    0.071ns
    Total Input Jitter      (TIJ):    0.000ns
    Discrete Jitter          (DJ):    0.000ns
    Phase Error              (PE):    0.000ns

    Location             Delay type                Incr(ns)  Path(ns)    Netlist Resource(s)
  -------------------------------------------------------------------    -------------------
                         (clock phy_rx_clk rise edge)
                                                      0.000     0.000 r  <hidden>
                         input delay                  0.500     0.500    <hidden>
                                                      0.000     0.500 r  phy_rxd[1]
                         net (fo=2, unset)            0.986     1.486    phy_rxd[1]
    SLICE_X4Y49          LUT3 (Prop_lut3_I0_O)        0.127     1.613 r  reg_tdata_prev[1]_i_1/O
                         net (fo=1, routed)           0.000     1.613    reg_tdata_prev[1]_i_1_n_0
    SLICE_X4Y49          FDCE                                         r  reg_tdata_prev_reg[1]/D
  -------------------------------------------------------------------    -------------------

                         (clock phy_rx_clk rise edge)
                                                      0.000     0.000 r  <hidden>
                                                      0.000     0.000 r  phy_rx_clk
                         net (fo=102, unset)          1.038     1.038    phy_rx_clk
    SLICE_X4Y49          FDCE                                         r  reg_tdata_prev_reg[1]/C
                         clock pessimism              0.000     1.038    <hidden>
                         clock uncertainty            0.035     1.073    <hidden>
    SLICE_X4Y49          FDCE (Hold_fdce_C_D)         0.363     1.436    reg_tdata_prev_reg[1]
  -------------------------------------------------------------------
                         required time                         -1.436    <hidden>
                         arrival time                           1.613    <hidden>
  -------------------------------------------------------------------
                         slack                                  0.177    <hidden>

Slack (MET) :             0.186ns  (arrival time - required time)
  Source:                 phy_rx_dv
                            (input port clocked by phy_rx_clk  {rise@0.000ns fall@4.000ns period=8.000ns})
  Destination:            reg_tdata_prev_reg[0]/D
                            (rising edge-triggered cell FDCE clocked by phy_rx_clk  {rise@0.000ns fall@4.000ns period=8.000ns})
  Path Group:             phy_rx_clk
  Path Type:              Hold (Min at Slow Process Corner)
  Requirement:            0.000ns  (phy_rx_clk rise@0.000ns - phy_rx_clk rise@0.000ns)
  Data Path Delay:        1.105ns  (logic 0.119ns (10.768%)  route 0.986ns (89.232%))
  Logic Levels:           1  (LUT3=1)
  Input Delay:            0.500ns
  Clock Path Skew:        1.038ns (DCD - SCD - CPR)
    Destination Clock Delay (DCD):    1.038ns
    Source Clock Delay      (SCD):    0.000ns
    Clock Pessimism Removal (CPR):    -0.000ns
  Clock Uncertainty:      0.035ns  ((TSJ^2 + TIJ^2)^1/2 + DJ) / 2 + PE
    Total System Jitter     (TSJ):    0.071ns
    Total Input Jitter      (TIJ):    0.000ns
    Discrete Jitter          (DJ):    0.000ns
    Phase Error              (PE):    0.000ns

    Location             Delay type                Incr(ns)  Path(ns)    Netlist Resource(s)
  -------------------------------------------------------------------    -------------------
                         (clock phy_rx_clk rise edge)
                                                      0.000     0.000 r  <hidden>
                         input delay                  0.500     0.500    <hidden>
                                                      0.000     0.500 r  phy_rx_dv
                         net (fo=6, unset)            0.986     1.486    phy_rx_dv
    SLICE_X4Y49          LUT3 (Prop_lut3_I1_O)        0.119     1.605 r  reg_tdata_prev[0]_i_1/O
                         net (fo=1, routed)           0.000     1.605    reg_tdata_prev[0]_i_1_n_0
    SLICE_X4Y49          FDCE                                         r  reg_tdata_prev_reg[0]/D
  -------------------------------------------------------------------    -------------------

                         (clock phy_rx_clk rise edge)
                                                      0.000     0.000 r  <hidden>
                                                      0.000     0.000 r  phy_rx_clk
                         net (fo=102, unset)          1.038     1.038    phy_rx_clk
    SLICE_X4Y49          FDCE                                         r  reg_tdata_prev_reg[0]/C
                         clock pessimism              0.000     1.038    <hidden>
                         clock uncertainty            0.035     1.073    <hidden>
    SLICE_X4Y49          FDCE (Hold_fdce_C_D)         0.346     1.419    reg_tdata_prev_reg[0]
  -------------------------------------------------------------------
                         required time                         -1.419    <hidden>
                         arrival time                           1.605    <hidden>
  -------------------------------------------------------------------
                         slack                                  0.186    <hidden>

Slack (MET) :             0.188ns  (arrival time - required time)
  Source:                 phy_rx_dv
                            (input port clocked by phy_rx_clk  {rise@0.000ns fall@4.000ns period=8.000ns})
  Destination:            pipe_corrupted_reg/D
                            (rising edge-triggered cell FDCE clocked by phy_rx_clk  {rise@0.000ns fall@4.000ns period=8.000ns})
  Path Group:             phy_rx_clk
  Path Type:              Hold (Min at Slow Process Corner)
  Requirement:            0.000ns  (phy_rx_clk rise@0.000ns - phy_rx_clk rise@0.000ns)
  Data Path Delay:        1.105ns  (logic 0.119ns (10.768%)  route 0.986ns (89.232%))
  Logic Levels:           1  (LUT5=1)
  Input Delay:            0.500ns
  Clock Path Skew:        1.038ns (DCD - SCD - CPR)
    Destination Clock Delay (DCD):    1.038ns
    Source Clock Delay      (SCD):    0.000ns
    Clock Pessimism Removal (CPR):    -0.000ns
  Clock Uncertainty:      0.035ns  ((TSJ^2 + TIJ^2)^1/2 + DJ) / 2 + PE
    Total System Jitter     (TSJ):    0.071ns
    Total Input Jitter      (TIJ):    0.000ns
    Discrete Jitter          (DJ):    0.000ns
    Phase Error              (PE):    0.000ns

    Location             Delay type                Incr(ns)  Path(ns)    Netlist Resource(s)
  -------------------------------------------------------------------    -------------------
                         (clock phy_rx_clk rise edge)
                                                      0.000     0.000 r  <hidden>
                         input delay                  0.500     0.500    <hidden>
                                                      0.000     0.500 r  phy_rx_dv
                         net (fo=6, unset)            0.986     1.486    phy_rx_dv
    SLICE_X3Y49          LUT5 (Prop_lut5_I4_O)        0.119     1.605 r  pipe_corrupted_i_1/O
                         net (fo=1, routed)           0.000     1.605    pipe_corrupted
    SLICE_X3Y49          FDCE                                         r  pipe_corrupted_reg/D
  -------------------------------------------------------------------    -------------------

                         (clock phy_rx_clk rise edge)
                                                      0.000     0.000 r  <hidden>
                                                      0.000     0.000 r  phy_rx_clk
                         net (fo=102, unset)          1.038     1.038    phy_rx_clk
    SLICE_X3Y49          FDCE                                         r  pipe_corrupted_reg/C
                         clock pessimism              0.000     1.038    <hidden>
                         clock uncertainty            0.035     1.073    <hidden>
    SLICE_X3Y49          FDCE (Hold_fdce_C_D)         0.344     1.417    pipe_corrupted_reg
  -------------------------------------------------------------------
                         required time                         -1.417    <hidden>
                         arrival time                           1.605    <hidden>
  -------------------------------------------------------------------
                         slack                                  0.188    <hidden>

Slack (MET) :             0.188ns  (arrival time - required time)
  Source:                 phy_rx_dv
                            (input port clocked by phy_rx_clk  {rise@0.000ns fall@4.000ns period=8.000ns})
  Destination:            pipe_paradoxal_reg/D
                            (rising edge-triggered cell FDCE clocked by phy_rx_clk  {rise@0.000ns fall@4.000ns period=8.000ns})
  Path Group:             phy_rx_clk
  Path Type:              Hold (Min at Slow Process Corner)
  Requirement:            0.000ns  (phy_rx_clk rise@0.000ns - phy_rx_clk rise@0.000ns)
  Data Path Delay:        1.105ns  (logic 0.119ns (10.768%)  route 0.986ns (89.232%))
  Logic Levels:           1  (LUT2=1)
  Input Delay:            0.500ns
  Clock Path Skew:        1.038ns (DCD - SCD - CPR)
    Destination Clock Delay (DCD):    1.038ns
    Source Clock Delay      (SCD):    0.000ns
    Clock Pessimism Removal (CPR):    -0.000ns
  Clock Uncertainty:      0.035ns  ((TSJ^2 + TIJ^2)^1/2 + DJ) / 2 + PE
    Total System Jitter     (TSJ):    0.071ns
    Total Input Jitter      (TIJ):    0.000ns
    Discrete Jitter          (DJ):    0.000ns
    Phase Error              (PE):    0.000ns

    Location             Delay type                Incr(ns)  Path(ns)    Netlist Resource(s)
  -------------------------------------------------------------------    -------------------
                         (clock phy_rx_clk rise edge)
                                                      0.000     0.000 r  <hidden>
                         input delay                  0.500     0.500    <hidden>
                                                      0.000     0.500 r  phy_rx_dv
                         net (fo=6, unset)            0.986     1.486    phy_rx_dv
    SLICE_X4Y49          LUT2 (Prop_lut2_I0_O)        0.119     1.605 r  pipe_paradoxal_i_1/O
                         net (fo=1, routed)           0.000     1.605    pipe_paradoxal
    SLICE_X4Y49          FDCE                                         r  pipe_paradoxal_reg/D
  -------------------------------------------------------------------    -------------------

                         (clock phy_rx_clk rise edge)
                                                      0.000     0.000 r  <hidden>
                                                      0.000     0.000 r  phy_rx_clk
                         net (fo=102, unset)          1.038     1.038    phy_rx_clk
    SLICE_X4Y49          FDCE                                         r  pipe_paradoxal_reg/C
                         clock pessimism              0.000     1.038    <hidden>
                         clock uncertainty            0.035     1.073    <hidden>
    SLICE_X4Y49          FDCE (Hold_fdce_C_D)         0.344     1.417    pipe_paradoxal_reg
  -------------------------------------------------------------------
                         required time                         -1.417    <hidden>
                         arrival time                           1.605    <hidden>
  -------------------------------------------------------------------
                         slack                                  0.188    <hidden>

Slack (MET) :             0.188ns  (arrival time - required time)
  Source:                 phy_rx_dv
                            (input port clocked by phy_rx_clk  {rise@0.000ns fall@4.000ns period=8.000ns})
  Destination:            r_latch_state_v1_reg/D
                            (rising edge-triggered cell FDCE clocked by phy_rx_clk  {rise@0.000ns fall@4.000ns period=8.000ns})
  Path Group:             phy_rx_clk
  Path Type:              Hold (Min at Slow Process Corner)
  Requirement:            0.000ns  (phy_rx_clk rise@0.000ns - phy_rx_clk rise@0.000ns)
  Data Path Delay:        1.105ns  (logic 0.119ns (10.768%)  route 0.986ns (89.232%))
  Logic Levels:           1  (LUT5=1)
  Input Delay:            0.500ns
  Clock Path Skew:        1.038ns (DCD - SCD - CPR)
    Destination Clock Delay (DCD):    1.038ns
    Source Clock Delay      (SCD):    0.000ns
    Clock Pessimism Removal (CPR):    -0.000ns
  Clock Uncertainty:      0.035ns  ((TSJ^2 + TIJ^2)^1/2 + DJ) / 2 + PE
    Total System Jitter     (TSJ):    0.071ns
    Total Input Jitter      (TIJ):    0.000ns
    Discrete Jitter          (DJ):    0.000ns
    Phase Error              (PE):    0.000ns

    Location             Delay type                Incr(ns)  Path(ns)    Netlist Resource(s)
  -------------------------------------------------------------------    -------------------
                         (clock phy_rx_clk rise edge)
                                                      0.000     0.000 r  <hidden>
                         input delay                  0.500     0.500    <hidden>
                                                      0.000     0.500 r  phy_rx_dv
                         net (fo=6, unset)            0.986     1.486    phy_rx_dv
    SLICE_X3Y50          LUT5 (Prop_lut5_I2_O)        0.119     1.605 r  r_latch_state_v1_i_1/O
                         net (fo=1, routed)           0.000     1.605    r_latch_state_v1_i_1_n_0
    SLICE_X3Y50          FDCE                                         r  r_latch_state_v1_reg/D
  -------------------------------------------------------------------    -------------------

                         (clock phy_rx_clk rise edge)
                                                      0.000     0.000 r  <hidden>
                                                      0.000     0.000 r  phy_rx_clk
                         net (fo=102, unset)          1.038     1.038    phy_rx_clk
    SLICE_X3Y50          FDCE                                         r  r_latch_state_v1_reg/C
                         clock pessimism              0.000     1.038    <hidden>
                         clock uncertainty            0.035     1.073    <hidden>
    SLICE_X3Y50          FDCE (Hold_fdce_C_D)         0.344     1.417    r_latch_state_v1_reg
  -------------------------------------------------------------------
                         required time                         -1.417    <hidden>
                         arrival time                           1.605    <hidden>
  -------------------------------------------------------------------
                         slack                                  0.188    <hidden>

Slack (MET) :             0.281ns  (arrival time - required time)
  Source:                 sync_clear_wd1_reg/C
                            (rising edge-triggered cell FDCE clocked by phy_rx_clk  {rise@0.000ns fall@4.000ns period=8.000ns})
  Destination:            sync_clear_wd2_reg/D
                            (rising edge-triggered cell FDCE clocked by phy_rx_clk  {rise@0.000ns fall@4.000ns period=8.000ns})
  Path Group:             phy_rx_clk
  Path Type:              Hold (Min at Fast Process Corner)
  Requirement:            0.000ns  (phy_rx_clk rise@0.000ns - phy_rx_clk rise@0.000ns)
  Data Path Delay:        0.404ns  (logic 0.193ns (47.732%)  route 0.211ns (52.268%))
  Logic Levels:           0  
  Clock Path Skew:        0.027ns (DCD - SCD - CPR)
    Destination Clock Delay (DCD):    0.542ns
    Source Clock Delay      (SCD):    0.515ns
    Clock Pessimism Removal (CPR):    -0.000ns

    Location             Delay type                Incr(ns)  Path(ns)    Netlist Resource(s)
  -------------------------------------------------------------------    -------------------
                         (clock phy_rx_clk rise edge)
                                                      0.000     0.000 r  <hidden>
                                                      0.000     0.000 r  phy_rx_clk
                         net (fo=102, unset)          0.515     0.515    phy_rx_clk
    SLICE_X3Y50          FDCE                                         r  sync_clear_wd1_reg/C
  -------------------------------------------------------------------    -------------------
    SLICE_X3Y50          FDCE (Prop_fdce_C_Q)         0.193     0.708 r  sync_clear_wd1_reg/Q
                         net (fo=1, routed)           0.211     0.919    sync_clear_wd1
    SLICE_X3Y50          FDCE                                         r  sync_clear_wd2_reg/D
  -------------------------------------------------------------------    -------------------

                         (clock phy_rx_clk rise edge)
                                                      0.000     0.000 r  <hidden>
                                                      0.000     0.000 r  phy_rx_clk
                         net (fo=102, unset)          0.542     0.542    phy_rx_clk
    SLICE_X3Y50          FDCE                                         r  sync_clear_wd2_reg/C
                         clock pessimism              0.000     0.542    <hidden>
    SLICE_X3Y50          FDCE (Hold_fdce_C_D)         0.096     0.638    sync_clear_wd2_reg
  -------------------------------------------------------------------
                         required time                         -0.638    <hidden>
                         arrival time                           0.919    <hidden>
  -------------------------------------------------------------------
                         slack                                  0.281    <hidden>

Slack (MET) :             0.303ns  (arrival time - required time)
  Source:                 r_count_clean_reg[11]/C
                            (rising edge-triggered cell FDCE clocked by phy_rx_clk  {rise@0.000ns fall@4.000ns period=8.000ns})
  Destination:            r_count_clean_reg[11]/D
                            (rising edge-triggered cell FDCE clocked by phy_rx_clk  {rise@0.000ns fall@4.000ns period=8.000ns})
  Path Group:             phy_rx_clk
  Path Type:              Hold (Min at Fast Process Corner)
  Requirement:            0.000ns  (phy_rx_clk rise@0.000ns - phy_rx_clk rise@0.000ns)
  Data Path Delay:        0.473ns  (logic 0.345ns (72.938%)  route 0.128ns (27.062%))
  Logic Levels:           1  (CARRY4=1)
  Clock Path Skew:        0.027ns (DCD - SCD - CPR)
    Destination Clock Delay (DCD):    0.542ns
    Source Clock Delay      (SCD):    0.515ns
    Clock Pessimism Removal (CPR):    -0.000ns

    Location             Delay type                Incr(ns)  Path(ns)    Netlist Resource(s)
  -------------------------------------------------------------------    -------------------
                         (clock phy_rx_clk rise edge)
                                                      0.000     0.000 r  <hidden>
                                                      0.000     0.000 r  phy_rx_clk
                         net (fo=102, unset)          0.515     0.515    phy_rx_clk
    SLICE_X3Y53          FDCE                                         r  r_count_clean_reg[11]/C
  -------------------------------------------------------------------    -------------------
    SLICE_X3Y53          FDCE (Prop_fdce_C_Q)         0.193     0.708 r  r_count_clean_reg[11]/Q
                         net (fo=1, routed)           0.128     0.836    telemetry_clean_packets[11]
    SLICE_X3Y53          CARRY4 (Prop_carry4_S[3]_O[3])
                                                      0.152     0.988 r  r_count_clean_reg[11]_i_1/O[3]
                         net (fo=1, routed)           0.000     0.988    r_count_clean_reg[11]_i_1_n_4
    SLICE_X3Y53          FDCE                                         r  r_count_clean_reg[11]/D
  -------------------------------------------------------------------    -------------------

                         (clock phy_rx_clk rise edge)
                                                      0.000     0.000 r  <hidden>
                                                      0.000     0.000 r  phy_rx_clk
                         net (fo=102, unset)          0.542     0.542    phy_rx_clk
    SLICE_X3Y53          FDCE                                         r  r_count_clean_reg[11]/C
                         clock pessimism              0.000     0.542    <hidden>
    SLICE_X3Y53          FDCE (Hold_fdce_C_D)         0.143     0.685    r_count_clean_reg[11]
  -------------------------------------------------------------------
                         required time                         -0.685    <hidden>
                         arrival time                           0.988    <hidden>
  -------------------------------------------------------------------
                         slack                                  0.303    <hidden>

Slack (MET) :             0.303ns  (arrival time - required time)
  Source:                 r_count_clean_reg[15]/C
                            (rising edge-triggered cell FDCE clocked by phy_rx_clk  {rise@0.000ns fall@4.000ns period=8.000ns})
  Destination:            r_count_clean_reg[15]/D
                            (rising edge-triggered cell FDCE clocked by phy_rx_clk  {rise@0.000ns fall@4.000ns period=8.000ns})
  Path Group:             phy_rx_clk
  Path Type:              Hold (Min at Fast Process Corner)
  Requirement:            0.000ns  (phy_rx_clk rise@0.000ns - phy_rx_clk rise@0.000ns)
  Data Path Delay:        0.473ns  (logic 0.345ns (72.938%)  route 0.128ns (27.062%))
  Logic Levels:           1  (CARRY4=1)
  Clock Path Skew:        0.027ns (DCD - SCD - CPR)
    Destination Clock Delay (DCD):    0.542ns
    Source Clock Delay      (SCD):    0.515ns
    Clock Pessimism Removal (CPR):    -0.000ns

    Location             Delay type                Incr(ns)  Path(ns)    Netlist Resource(s)
  -------------------------------------------------------------------    -------------------
                         (clock phy_rx_clk rise edge)
                                                      0.000     0.000 r  <hidden>
                                                      0.000     0.000 r  phy_rx_clk
                         net (fo=102, unset)          0.515     0.515    phy_rx_clk
    SLICE_X3Y54          FDCE                                         r  r_count_clean_reg[15]/C
  -------------------------------------------------------------------    -------------------
    SLICE_X3Y54          FDCE (Prop_fdce_C_Q)         0.193     0.708 r  r_count_clean_reg[15]/Q
                         net (fo=1, routed)           0.128     0.836    telemetry_clean_packets[15]
    SLICE_X3Y54          CARRY4 (Prop_carry4_S[3]_O[3])
                                                      0.152     0.988 r  r_count_clean_reg[15]_i_1/O[3]
                         net (fo=1, routed)           0.000     0.988    r_count_clean_reg[15]_i_1_n_4
    SLICE_X3Y54          FDCE                                         r  r_count_clean_reg[15]/D
  -------------------------------------------------------------------    -------------------

                         (clock phy_rx_clk rise edge)
                                                      0.000     0.000 r  <hidden>
                                                      0.000     0.000 r  phy_rx_clk
                         net (fo=102, unset)          0.542     0.542    phy_rx_clk
    SLICE_X3Y54          FDCE                                         r  r_count_clean_reg[15]/C
                         clock pessimism              0.000     0.542    <hidden>
    SLICE_X3Y54          FDCE (Hold_fdce_C_D)         0.143     0.685    r_count_clean_reg[15]
  -------------------------------------------------------------------
                         required time                         -0.685    <hidden>
                         arrival time                           0.988    <hidden>
  -------------------------------------------------------------------
                         slack                                  0.303    <hidden>

Slack (MET) :             0.303ns  (arrival time - required time)
  Source:                 r_count_clean_reg[19]/C
                            (rising edge-triggered cell FDCE clocked by phy_rx_clk  {rise@0.000ns fall@4.000ns period=8.000ns})
  Destination:            r_count_clean_reg[19]/D
                            (rising edge-triggered cell FDCE clocked by phy_rx_clk  {rise@0.000ns fall@4.000ns period=8.000ns})
  Path Group:             phy_rx_clk
  Path Type:              Hold (Min at Fast Process Corner)
  Requirement:            0.000ns  (phy_rx_clk rise@0.000ns - phy_rx_clk rise@0.000ns)
  Data Path Delay:        0.473ns  (logic 0.345ns (72.938%)  route 0.128ns (27.062%))
  Logic Levels:           1  (CARRY4=1)
  Clock Path Skew:        0.027ns (DCD - SCD - CPR)
    Destination Clock Delay (DCD):    0.542ns
    Source Clock Delay      (SCD):    0.515ns
    Clock Pessimism Removal (CPR):    -0.000ns

    Location             Delay type                Incr(ns)  Path(ns)    Netlist Resource(s)
  -------------------------------------------------------------------    -------------------
                         (clock phy_rx_clk rise edge)
                                                      0.000     0.000 r  <hidden>
                                                      0.000     0.000 r  phy_rx_clk
                         net (fo=102, unset)          0.515     0.515    phy_rx_clk
    SLICE_X3Y55          FDCE                                         r  r_count_clean_reg[19]/C
  -------------------------------------------------------------------    -------------------
    SLICE_X3Y55          FDCE (Prop_fdce_C_Q)         0.193     0.708 r  r_count_clean_reg[19]/Q
                         net (fo=1, routed)           0.128     0.836    telemetry_clean_packets[19]
    SLICE_X3Y55          CARRY4 (Prop_carry4_S[3]_O[3])
                                                      0.152     0.988 r  r_count_clean_reg[19]_i_1/O[3]
                         net (fo=1, routed)           0.000     0.988    r_count_clean_reg[19]_i_1_n_4
    SLICE_X3Y55          FDCE                                         r  r_count_clean_reg[19]/D
  -------------------------------------------------------------------    -------------------

                         (clock phy_rx_clk rise edge)
                                                      0.000     0.000 r  <hidden>
                                                      0.000     0.000 r  phy_rx_clk
                         net (fo=102, unset)          0.542     0.542    phy_rx_clk
    SLICE_X3Y55          FDCE                                         r  r_count_clean_reg[19]/C
                         clock pessimism              0.000     0.542    <hidden>
    SLICE_X3Y55          FDCE (Hold_fdce_C_D)         0.143     0.685    r_count_clean_reg[19]
  -------------------------------------------------------------------
                         required time                         -0.685    <hidden>
                         arrival time                           0.988    <hidden>
  -------------------------------------------------------------------
                         slack                                  0.303    <hidden>

Slack (MET) :             0.303ns  (arrival time - required time)
  Source:                 r_count_clean_reg[23]/C
                            (rising edge-triggered cell FDCE clocked by phy_rx_clk  {rise@0.000ns fall@4.000ns period=8.000ns})
  Destination:            r_count_clean_reg[23]/D
                            (rising edge-triggered cell FDCE clocked by phy_rx_clk  {rise@0.000ns fall@4.000ns period=8.000ns})
  Path Group:             phy_rx_clk
  Path Type:              Hold (Min at Fast Process Corner)
  Requirement:            0.000ns  (phy_rx_clk rise@0.000ns - phy_rx_clk rise@0.000ns)
  Data Path Delay:        0.473ns  (logic 0.345ns (72.938%)  route 0.128ns (27.062%))
  Logic Levels:           1  (CARRY4=1)
  Clock Path Skew:        0.027ns (DCD - SCD - CPR)
    Destination Clock Delay (DCD):    0.542ns
    Source Clock Delay      (SCD):    0.515ns
    Clock Pessimism Removal (CPR):    -0.000ns

    Location             Delay type                Incr(ns)  Path(ns)    Netlist Resource(s)
  -------------------------------------------------------------------    -------------------
                         (clock phy_rx_clk rise edge)
                                                      0.000     0.000 r  <hidden>
                                                      0.000     0.000 r  phy_rx_clk
                         net (fo=102, unset)          0.515     0.515    phy_rx_clk
    SLICE_X3Y56          FDCE                                         r  r_count_clean_reg[23]/C
  -------------------------------------------------------------------    -------------------
    SLICE_X3Y56          FDCE (Prop_fdce_C_Q)         0.193     0.708 r  r_count_clean_reg[23]/Q
                         net (fo=1, routed)           0.128     0.836    telemetry_clean_packets[23]
    SLICE_X3Y56          CARRY4 (Prop_carry4_S[3]_O[3])
                                                      0.152     0.988 r  r_count_clean_reg[23]_i_1/O[3]
                         net (fo=1, routed)           0.000     0.988    r_count_clean_reg[23]_i_1_n_4
    SLICE_X3Y56          FDCE                                         r  r_count_clean_reg[23]/D
  -------------------------------------------------------------------    -------------------

                         (clock phy_rx_clk rise edge)
                                                      0.000     0.000 r  <hidden>
                                                      0.000     0.000 r  phy_rx_clk
                         net (fo=102, unset)          0.542     0.542    phy_rx_clk
    SLICE_X3Y56          FDCE                                         r  r_count_clean_reg[23]/C
                         clock pessimism              0.000     0.542    <hidden>
    SLICE_X3Y56          FDCE (Hold_fdce_C_D)         0.143     0.685    r_count_clean_reg[23]
  -------------------------------------------------------------------
                         required time                         -0.685    <hidden>
                         arrival time                           0.988    <hidden>
  -------------------------------------------------------------------
                         slack                                  0.303    <hidden>





Pulse Width Checks
--------------------------------------------------------------------------------------
Clock Name:         phy_rx_clk
Waveform(ns):       { 0.000 4.000 }
Period(ns):         8.000
Sources:            { phy_rx_clk }

Check Type        Corner  Lib Pin  Reference Pin  Required(ns)  Actual(ns)  Slack(ns)  Location     Pin
Min Period        n/a     FDCE/C   n/a            1.000         8.000       7.000      SLICE_X3Y49  pipe_corrupted_reg/C
Min Period        n/a     FDCE/C   n/a            1.000         8.000       7.000      SLICE_X4Y49  pipe_paradoxal_reg/C
Min Period        n/a     FDCE/C   n/a            1.000         8.000       7.000      SLICE_X2Y51  r_count_anomaly_reg[0]/C
Min Period        n/a     FDCE/C   n/a            1.000         8.000       7.000      SLICE_X2Y53  r_count_anomaly_reg[10]/C
Min Period        n/a     FDCE/C   n/a            1.000         8.000       7.000      SLICE_X2Y53  r_count_anomaly_reg[11]/C
Min Period        n/a     FDCE/C   n/a            1.000         8.000       7.000      SLICE_X2Y54  r_count_anomaly_reg[12]/C
Min Period        n/a     FDCE/C   n/a            1.000         8.000       7.000      SLICE_X2Y54  r_count_anomaly_reg[13]/C
Min Period        n/a     FDCE/C   n/a            1.000         8.000       7.000      SLICE_X2Y54  r_count_anomaly_reg[14]/C
Min Period        n/a     FDCE/C   n/a            1.000         8.000       7.000      SLICE_X2Y54  r_count_anomaly_reg[15]/C
Min Period        n/a     FDCE/C   n/a            1.000         8.000       7.000      SLICE_X2Y55  r_count_anomaly_reg[16]/C
Low Pulse Width   Slow    FDCE/C   n/a            0.500         4.000       3.500      SLICE_X3Y49  pipe_corrupted_reg/C
Low Pulse Width   Fast    FDCE/C   n/a            0.500         4.000       3.500      SLICE_X3Y49  pipe_corrupted_reg/C
Low Pulse Width   Slow    FDCE/C   n/a            0.500         4.000       3.500      SLICE_X4Y49  pipe_paradoxal_reg/C
Low Pulse Width   Fast    FDCE/C   n/a            0.500         4.000       3.500      SLICE_X4Y49  pipe_paradoxal_reg/C
Low Pulse Width   Slow    FDCE/C   n/a            0.500         4.000       3.500      SLICE_X2Y51  r_count_anomaly_reg[0]/C
Low Pulse Width   Fast    FDCE/C   n/a            0.500         4.000       3.500      SLICE_X2Y51  r_count_anomaly_reg[0]/C
Low Pulse Width   Slow    FDCE/C   n/a            0.500         4.000       3.500      SLICE_X2Y53  r_count_anomaly_reg[10]/C
Low Pulse Width   Fast    FDCE/C   n/a            0.500         4.000       3.500      SLICE_X2Y53  r_count_anomaly_reg[10]/C
Low Pulse Width   Slow    FDCE/C   n/a            0.500         4.000       3.500      SLICE_X2Y53  r_count_anomaly_reg[11]/C
Low Pulse Width   Fast    FDCE/C   n/a            0.500         4.000       3.500      SLICE_X2Y53  r_count_anomaly_reg[11]/C
High Pulse Width  Slow    FDCE/C   n/a            0.500         4.000       3.500      SLICE_X3Y49  pipe_corrupted_reg/C
High Pulse Width  Fast    FDCE/C   n/a            0.500         4.000       3.500      SLICE_X3Y49  pipe_corrupted_reg/C
High Pulse Width  Slow    FDCE/C   n/a            0.500         4.000       3.500      SLICE_X4Y49  pipe_paradoxal_reg/C
High Pulse Width  Fast    FDCE/C   n/a            0.500         4.000       3.500      SLICE_X4Y49  pipe_paradoxal_reg/C
High Pulse Width  Slow    FDCE/C   n/a            0.500         4.000       3.500      SLICE_X2Y51  r_count_anomaly_reg[0]/C
High Pulse Width  Fast    FDCE/C   n/a            0.500         4.000       3.500      SLICE_X2Y51  r_count_anomaly_reg[0]/C
High Pulse Width  Slow    FDCE/C   n/a            0.500         4.000       3.500      SLICE_X2Y53  r_count_anomaly_reg[10]/C
High Pulse Width  Fast    FDCE/C   n/a            0.500         4.000       3.500      SLICE_X2Y53  r_count_anomaly_reg[10]/C
High Pulse Width  Slow    FDCE/C   n/a            0.500         4.000       3.500      SLICE_X2Y53  r_count_anomaly_reg[11]/C
High Pulse Width  Fast    FDCE/C   n/a            0.500         4.000       3.500      SLICE_X2Y53  r_count_anomaly_reg[11]/C



---------------------------------------------------------------------------------------------------
From Clock:  sys_clk
  To Clock:  sys_clk

Setup :            0  Failing Endpoints,  Worst Slack        1.596ns,  Total Violation        0.000ns
Hold  :            0  Failing Endpoints,  Worst Slack        0.142ns,  Total Violation        0.000ns
PW    :            0  Failing Endpoints,  Worst Slack        0.750ns,  Total Violation        0.000ns
---------------------------------------------------------------------------------------------------


Max Delay Paths
--------------------------------------------------------------------------------------
Slack (MET) :             1.596ns  (required time - arrival time)
  Source:                 sync_threat_reg1_reg[1]/C
                            (rising edge-triggered cell FDCE clocked by sys_clk  {rise@0.000ns fall@1.250ns period=2.500ns})
  Destination:            sync_threat_reg2_reg[1]/D
                            (rising edge-triggered cell FDCE clocked by sys_clk  {rise@0.000ns fall@1.250ns period=2.500ns})
  Path Group:             sys_clk
  Path Type:              Setup (Max at Slow Process Corner)
  Requirement:            2.500ns  (sys_clk rise@2.500ns - sys_clk rise@0.000ns)
  Data Path Delay:        0.772ns  (logic 0.610ns (78.970%)  route 0.162ns (21.030%))
  Logic Levels:           0  
  Clock Path Skew:        -0.052ns (DCD - SCD + CPR)
    Destination Clock Delay (DCD):    0.986ns = ( 3.486 - 2.500 ) 
    Source Clock Delay      (SCD):    1.038ns
    Clock Pessimism Removal (CPR):    0.000ns
  Clock Uncertainty:      0.035ns  ((TSJ^2 + TIJ^2)^1/2 + DJ) / 2 + PE
    Total System Jitter     (TSJ):    0.071ns
    Total Input Jitter      (TIJ):    0.000ns
    Discrete Jitter          (DJ):    0.000ns
    Phase Error              (PE):    0.000ns

    Location             Delay type                Incr(ns)  Path(ns)    Netlist Resource(s)
  -------------------------------------------------------------------    -------------------
                         (clock sys_clk rise edge)    0.000     0.000 r  <hidden>
                                                      0.000     0.000 r  clk
                         net (fo=7, unset)            1.038     1.038    clk
    SLICE_X2Y49          FDCE                                         r  sync_threat_reg1_reg[1]/C
  -------------------------------------------------------------------    -------------------
    SLICE_X2Y49          FDCE (Prop_fdce_C_Q)         0.610     1.648 r  sync_threat_reg1_reg[1]/Q
                         net (fo=1, routed)           0.162     1.810    sync_threat_reg1[1]
    SLICE_X2Y49          FDCE                                         r  sync_threat_reg2_reg[1]/D
  -------------------------------------------------------------------    -------------------

                         (clock sys_clk rise edge)    2.500     2.500 r  <hidden>
                                                      0.000     2.500 r  clk
                         net (fo=7, unset)            0.986     3.486    clk
    SLICE_X2Y49          FDCE                                         r  sync_threat_reg2_reg[1]/C
                         clock pessimism              0.000     3.486    <hidden>
                         clock uncertainty           -0.035     3.451    <hidden>
    SLICE_X2Y49          FDCE (Setup_fdce_C_D)       -0.044     3.407    sync_threat_reg2_reg[1]
  -------------------------------------------------------------------
                         required time                          3.407    <hidden>
                         arrival time                          -1.810    <hidden>
  -------------------------------------------------------------------
                         slack                                  1.596    <hidden>

Slack (MET) :             1.612ns  (required time - arrival time)
  Source:                 sync_threat_reg1_reg[0]/C
                            (rising edge-triggered cell FDCE clocked by sys_clk  {rise@0.000ns fall@1.250ns period=2.500ns})
  Destination:            sync_threat_reg2_reg[0]/D
                            (rising edge-triggered cell FDCE clocked by sys_clk  {rise@0.000ns fall@1.250ns period=2.500ns})
  Path Group:             sys_clk
  Path Type:              Setup (Max at Slow Process Corner)
  Requirement:            2.500ns  (sys_clk rise@2.500ns - sys_clk rise@0.000ns)
  Data Path Delay:        0.772ns  (logic 0.610ns (78.970%)  route 0.162ns (21.030%))
  Logic Levels:           0  
  Clock Path Skew:        -0.052ns (DCD - SCD + CPR)
    Destination Clock Delay (DCD):    0.986ns = ( 3.486 - 2.500 ) 
    Source Clock Delay      (SCD):    1.038ns
    Clock Pessimism Removal (CPR):    0.000ns
  Clock Uncertainty:      0.035ns  ((TSJ^2 + TIJ^2)^1/2 + DJ) / 2 + PE
    Total System Jitter     (TSJ):    0.071ns
    Total Input Jitter      (TIJ):    0.000ns
    Discrete Jitter          (DJ):    0.000ns
    Phase Error              (PE):    0.000ns

    Location             Delay type                Incr(ns)  Path(ns)    Netlist Resource(s)
  -------------------------------------------------------------------    -------------------
                         (clock sys_clk rise edge)    0.000     0.000 r  <hidden>
                                                      0.000     0.000 r  clk
                         net (fo=7, unset)            1.038     1.038    clk
    SLICE_X2Y49          FDCE                                         r  sync_threat_reg1_reg[0]/C
  -------------------------------------------------------------------    -------------------
    SLICE_X2Y49          FDCE (Prop_fdce_C_Q)         0.610     1.648 r  sync_threat_reg1_reg[0]/Q
                         net (fo=1, routed)           0.162     1.810    sync_threat_reg1[0]
    SLICE_X2Y49          FDCE                                         r  sync_threat_reg2_reg[0]/D
  -------------------------------------------------------------------    -------------------

                         (clock sys_clk rise edge)    2.500     2.500 r  <hidden>
                                                      0.000     2.500 r  clk
                         net (fo=7, unset)            0.986     3.486    clk
    SLICE_X2Y49          FDCE                                         r  sync_threat_reg2_reg[0]/C
                         clock pessimism              0.000     3.486    <hidden>
                         clock uncertainty           -0.035     3.451    <hidden>
    SLICE_X2Y49          FDCE (Setup_fdce_C_D)       -0.028     3.423    sync_threat_reg2_reg[0]
  -------------------------------------------------------------------
                         required time                          3.423    <hidden>
                         arrival time                          -1.810    <hidden>
  -------------------------------------------------------------------
                         slack                                  1.612    <hidden>

Slack (MET) :             1.650ns  (required time - arrival time)
  Source:                 sync_paradox_reg1_reg[1]/C
                            (rising edge-triggered cell FDCE clocked by sys_clk  {rise@0.000ns fall@1.250ns period=2.500ns})
  Destination:            sync_paradox_reg2_reg[1]/D
                            (rising edge-triggered cell FDCE clocked by sys_clk  {rise@0.000ns fall@1.250ns period=2.500ns})
  Path Group:             sys_clk
  Path Type:              Setup (Max at Slow Process Corner)
  Requirement:            2.500ns  (sys_clk rise@2.500ns - sys_clk rise@0.000ns)
  Data Path Delay:        0.698ns  (logic 0.536ns (76.742%)  route 0.162ns (23.258%))
  Logic Levels:           0  
  Clock Path Skew:        -0.052ns (DCD - SCD + CPR)
    Destination Clock Delay (DCD):    0.986ns = ( 3.486 - 2.500 ) 
    Source Clock Delay      (SCD):    1.038ns
    Clock Pessimism Removal (CPR):    0.000ns
  Clock Uncertainty:      0.035ns  ((TSJ^2 + TIJ^2)^1/2 + DJ) / 2 + PE
    Total System Jitter     (TSJ):    0.071ns
    Total Input Jitter      (TIJ):    0.000ns
    Discrete Jitter          (DJ):    0.000ns
    Phase Error              (PE):    0.000ns

    Location             Delay type                Incr(ns)  Path(ns)    Netlist Resource(s)
  -------------------------------------------------------------------    -------------------
                         (clock sys_clk rise edge)    0.000     0.000 r  <hidden>
                                                      0.000     0.000 r  clk
                         net (fo=7, unset)            1.038     1.038    clk
    SLICE_X5Y49          FDCE                                         r  sync_paradox_reg1_reg[1]/C
  -------------------------------------------------------------------    -------------------
    SLICE_X5Y49          FDCE (Prop_fdce_C_Q)         0.536     1.574 r  sync_paradox_reg1_reg[1]/Q
                         net (fo=1, routed)           0.162     1.736    sync_paradox_reg1[1]
    SLICE_X5Y49          FDCE                                         r  sync_paradox_reg2_reg[1]/D
  -------------------------------------------------------------------    -------------------

                         (clock sys_clk rise edge)    2.500     2.500 r  <hidden>
                                                      0.000     2.500 r  clk
                         net (fo=7, unset)            0.986     3.486    clk
    SLICE_X5Y49          FDCE                                         r  sync_paradox_reg2_reg[1]/C
                         clock pessimism              0.000     3.486    <hidden>
                         clock uncertainty           -0.035     3.451    <hidden>
    SLICE_X5Y49          FDCE (Setup_fdce_C_D)       -0.064     3.387    sync_paradox_reg2_reg[1]
  -------------------------------------------------------------------
                         required time                          3.387    <hidden>
                         arrival time                          -1.736    <hidden>
  -------------------------------------------------------------------
                         slack                                  1.650    <hidden>

Slack (MET) :             1.667ns  (required time - arrival time)
  Source:                 sync_paradox_reg1_reg[0]/C
                            (rising edge-triggered cell FDCE clocked by sys_clk  {rise@0.000ns fall@1.250ns period=2.500ns})
  Destination:            sync_paradox_reg2_reg[0]/D
                            (rising edge-triggered cell FDCE clocked by sys_clk  {rise@0.000ns fall@1.250ns period=2.500ns})
  Path Group:             sys_clk
  Path Type:              Setup (Max at Slow Process Corner)
  Requirement:            2.500ns  (sys_clk rise@2.500ns - sys_clk rise@0.000ns)
  Data Path Delay:        0.698ns  (logic 0.536ns (76.742%)  route 0.162ns (23.258%))
  Logic Levels:           0  
  Clock Path Skew:        -0.052ns (DCD - SCD + CPR)
    Destination Clock Delay (DCD):    0.986ns = ( 3.486 - 2.500 ) 
    Source Clock Delay      (SCD):    1.038ns
    Clock Pessimism Removal (CPR):    0.000ns
  Clock Uncertainty:      0.035ns  ((TSJ^2 + TIJ^2)^1/2 + DJ) / 2 + PE
    Total System Jitter     (TSJ):    0.071ns
    Total Input Jitter      (TIJ):    0.000ns
    Discrete Jitter          (DJ):    0.000ns
    Phase Error              (PE):    0.000ns

    Location             Delay type                Incr(ns)  Path(ns)    Netlist Resource(s)
  -------------------------------------------------------------------    -------------------
                         (clock sys_clk rise edge)    0.000     0.000 r  <hidden>
                                                      0.000     0.000 r  clk
                         net (fo=7, unset)            1.038     1.038    clk
    SLICE_X5Y49          FDCE                                         r  sync_paradox_reg1_reg[0]/C
  -------------------------------------------------------------------    -------------------
    SLICE_X5Y49          FDCE (Prop_fdce_C_Q)         0.536     1.574 r  sync_paradox_reg1_reg[0]/Q
                         net (fo=1, routed)           0.162     1.736    sync_paradox_reg1[0]
    SLICE_X5Y49          FDCE                                         r  sync_paradox_reg2_reg[0]/D
  -------------------------------------------------------------------    -------------------

                         (clock sys_clk rise edge)    2.500     2.500 r  <hidden>
                                                      0.000     2.500 r  clk
                         net (fo=7, unset)            0.986     3.486    clk
    SLICE_X5Y49          FDCE                                         r  sync_paradox_reg2_reg[0]/C
                         clock pessimism              0.000     3.486    <hidden>
                         clock uncertainty           -0.035     3.451    <hidden>
    SLICE_X5Y49          FDCE (Setup_fdce_C_D)       -0.047     3.404    sync_paradox_reg2_reg[0]
  -------------------------------------------------------------------
                         required time                          3.404    <hidden>
                         arrival time                          -1.736    <hidden>
  -------------------------------------------------------------------
                         slack                                  1.667    <hidden>





Min Delay Paths
--------------------------------------------------------------------------------------
Slack (MET) :             0.142ns  (arrival time - required time)
  Source:                 sync_paradox_reg1_reg[0]/C
                            (rising edge-triggered cell FDCE clocked by sys_clk  {rise@0.000ns fall@1.250ns period=2.500ns})
  Destination:            sync_paradox_reg2_reg[0]/D
                            (rising edge-triggered cell FDCE clocked by sys_clk  {rise@0.000ns fall@1.250ns period=2.500ns})
  Path Group:             sys_clk
  Path Type:              Hold (Min at Fast Process Corner)
  Requirement:            0.000ns  (sys_clk rise@0.000ns - sys_clk rise@0.000ns)
  Data Path Delay:        0.265ns  (logic 0.193ns (72.707%)  route 0.072ns (27.293%))
  Logic Levels:           0  
  Clock Path Skew:        0.027ns (DCD - SCD - CPR)
    Destination Clock Delay (DCD):    0.542ns
    Source Clock Delay      (SCD):    0.515ns
    Clock Pessimism Removal (CPR):    -0.000ns

    Location             Delay type                Incr(ns)  Path(ns)    Netlist Resource(s)
  -------------------------------------------------------------------    -------------------
                         (clock sys_clk rise edge)    0.000     0.000 r  <hidden>
                                                      0.000     0.000 r  clk
                         net (fo=7, unset)            0.515     0.515    clk
    SLICE_X5Y49          FDCE                                         r  sync_paradox_reg1_reg[0]/C
  -------------------------------------------------------------------    -------------------
    SLICE_X5Y49          FDCE (Prop_fdce_C_Q)         0.193     0.708 r  sync_paradox_reg1_reg[0]/Q
                         net (fo=1, routed)           0.072     0.780    sync_paradox_reg1[0]
    SLICE_X5Y49          FDCE                                         r  sync_paradox_reg2_reg[0]/D
  -------------------------------------------------------------------    -------------------

                         (clock sys_clk rise edge)    0.000     0.000 r  <hidden>
                                                      0.000     0.000 r  clk
                         net (fo=7, unset)            0.542     0.542    clk
    SLICE_X5Y49          FDCE                                         r  sync_paradox_reg2_reg[0]/C
                         clock pessimism              0.000     0.542    <hidden>
    SLICE_X5Y49          FDCE (Hold_fdce_C_D)         0.096     0.638    sync_paradox_reg2_reg[0]
  -------------------------------------------------------------------
                         required time                         -0.638    <hidden>
                         arrival time                           0.780    <hidden>
  -------------------------------------------------------------------
                         slack                                  0.142    <hidden>

Slack (MET) :             0.146ns  (arrival time - required time)
  Source:                 sync_paradox_reg1_reg[1]/C
                            (rising edge-triggered cell FDCE clocked by sys_clk  {rise@0.000ns fall@1.250ns period=2.500ns})
  Destination:            sync_paradox_reg2_reg[1]/D
                            (rising edge-triggered cell FDCE clocked by sys_clk  {rise@0.000ns fall@1.250ns period=2.500ns})
  Path Group:             sys_clk
  Path Type:              Hold (Min at Fast Process Corner)
  Requirement:            0.000ns  (sys_clk rise@0.000ns - sys_clk rise@0.000ns)
  Data Path Delay:        0.265ns  (logic 0.193ns (72.707%)  route 0.072ns (27.293%))
  Logic Levels:           0  
  Clock Path Skew:        0.027ns (DCD - SCD - CPR)
    Destination Clock Delay (DCD):    0.542ns
    Source Clock Delay      (SCD):    0.515ns
    Clock Pessimism Removal (CPR):    -0.000ns

    Location             Delay type                Incr(ns)  Path(ns)    Netlist Resource(s)
  -------------------------------------------------------------------    -------------------
                         (clock sys_clk rise edge)    0.000     0.000 r  <hidden>
                                                      0.000     0.000 r  clk
                         net (fo=7, unset)            0.515     0.515    clk
    SLICE_X5Y49          FDCE                                         r  sync_paradox_reg1_reg[1]/C
  -------------------------------------------------------------------    -------------------
    SLICE_X5Y49          FDCE (Prop_fdce_C_Q)         0.193     0.708 r  sync_paradox_reg1_reg[1]/Q
                         net (fo=1, routed)           0.072     0.780    sync_paradox_reg1[1]
    SLICE_X5Y49          FDCE                                         r  sync_paradox_reg2_reg[1]/D
  -------------------------------------------------------------------    -------------------

                         (clock sys_clk rise edge)    0.000     0.000 r  <hidden>
                                                      0.000     0.000 r  clk
                         net (fo=7, unset)            0.542     0.542    clk
    SLICE_X5Y49          FDCE                                         r  sync_paradox_reg2_reg[1]/C
                         clock pessimism              0.000     0.542    <hidden>
    SLICE_X5Y49          FDCE (Hold_fdce_C_D)         0.092     0.634    sync_paradox_reg2_reg[1]
  -------------------------------------------------------------------
                         required time                         -0.634    <hidden>
                         arrival time                           0.780    <hidden>
  -------------------------------------------------------------------
                         slack                                  0.146    <hidden>

Slack (MET) :             0.199ns  (arrival time - required time)
  Source:                 sync_threat_reg1_reg[0]/C
                            (rising edge-triggered cell FDCE clocked by sys_clk  {rise@0.000ns fall@1.250ns period=2.500ns})
  Destination:            sync_threat_reg2_reg[0]/D
                            (rising edge-triggered cell FDCE clocked by sys_clk  {rise@0.000ns fall@1.250ns period=2.500ns})
  Path Group:             sys_clk
  Path Type:              Hold (Min at Fast Process Corner)
  Requirement:            0.000ns  (sys_clk rise@0.000ns - sys_clk rise@0.000ns)
  Data Path Delay:        0.295ns  (logic 0.223ns (75.479%)  route 0.072ns (24.521%))
  Logic Levels:           0  
  Clock Path Skew:        0.027ns (DCD - SCD - CPR)
    Destination Clock Delay (DCD):    0.542ns
    Source Clock Delay      (SCD):    0.515ns
    Clock Pessimism Removal (CPR):    -0.000ns

    Location             Delay type                Incr(ns)  Path(ns)    Netlist Resource(s)
  -------------------------------------------------------------------    -------------------
                         (clock sys_clk rise edge)    0.000     0.000 r  <hidden>
                                                      0.000     0.000 r  clk
                         net (fo=7, unset)            0.515     0.515    clk
    SLICE_X2Y49          FDCE                                         r  sync_threat_reg1_reg[0]/C
  -------------------------------------------------------------------    -------------------
    SLICE_X2Y49          FDCE (Prop_fdce_C_Q)         0.223     0.738 r  sync_threat_reg1_reg[0]/Q
                         net (fo=1, routed)           0.072     0.810    sync_threat_reg1[0]
    SLICE_X2Y49          FDCE                                         r  sync_threat_reg2_reg[0]/D
  -------------------------------------------------------------------    -------------------

                         (clock sys_clk rise edge)    0.000     0.000 r  <hidden>
                                                      0.000     0.000 r  clk
                         net (fo=7, unset)            0.542     0.542    clk
    SLICE_X2Y49          FDCE                                         r  sync_threat_reg2_reg[0]/C
                         clock pessimism              0.000     0.542    <hidden>
    SLICE_X2Y49          FDCE (Hold_fdce_C_D)         0.069     0.611    sync_threat_reg2_reg[0]
  -------------------------------------------------------------------
                         required time                         -0.611    <hidden>
                         arrival time                           0.810    <hidden>
  -------------------------------------------------------------------
                         slack                                  0.199    <hidden>

Slack (MET) :             0.209ns  (arrival time - required time)
  Source:                 sync_threat_reg1_reg[1]/C
                            (rising edge-triggered cell FDCE clocked by sys_clk  {rise@0.000ns fall@1.250ns period=2.500ns})
  Destination:            sync_threat_reg2_reg[1]/D
                            (rising edge-triggered cell FDCE clocked by sys_clk  {rise@0.000ns fall@1.250ns period=2.500ns})
  Path Group:             sys_clk
  Path Type:              Hold (Min at Fast Process Corner)
  Requirement:            0.000ns  (sys_clk rise@0.000ns - sys_clk rise@0.000ns)
  Data Path Delay:        0.295ns  (logic 0.223ns (75.479%)  route 0.072ns (24.521%))
  Logic Levels:           0  
  Clock Path Skew:        0.027ns (DCD - SCD - CPR)
    Destination Clock Delay (DCD):    0.542ns
    Source Clock Delay      (SCD):    0.515ns
    Clock Pessimism Removal (CPR):    -0.000ns

    Location             Delay type                Incr(ns)  Path(ns)    Netlist Resource(s)
  -------------------------------------------------------------------    -------------------
                         (clock sys_clk rise edge)    0.000     0.000 r  <hidden>
                                                      0.000     0.000 r  clk
                         net (fo=7, unset)            0.515     0.515    clk
    SLICE_X2Y49          FDCE                                         r  sync_threat_reg1_reg[1]/C
  -------------------------------------------------------------------    -------------------
    SLICE_X2Y49          FDCE (Prop_fdce_C_Q)         0.223     0.738 r  sync_threat_reg1_reg[1]/Q
                         net (fo=1, routed)           0.072     0.810    sync_threat_reg1[1]
    SLICE_X2Y49          FDCE                                         r  sync_threat_reg2_reg[1]/D
  -------------------------------------------------------------------    -------------------

                         (clock sys_clk rise edge)    0.000     0.000 r  <hidden>
                                                      0.000     0.000 r  clk
                         net (fo=7, unset)            0.542     0.542    clk
    SLICE_X2Y49          FDCE                                         r  sync_threat_reg2_reg[1]/C
                         clock pessimism              0.000     0.542    <hidden>
    SLICE_X2Y49          FDCE (Hold_fdce_C_D)         0.059     0.601    sync_threat_reg2_reg[1]
  -------------------------------------------------------------------
                         required time                         -0.601    <hidden>
                         arrival time                           0.810    <hidden>
  -------------------------------------------------------------------
                         slack                                  0.209    <hidden>





Pulse Width Checks
--------------------------------------------------------------------------------------
Clock Name:         sys_clk
Waveform(ns):       { 0.000 1.250 }
Period(ns):         2.500
Sources:            { clk }

Check Type        Corner  Lib Pin  Reference Pin  Required(ns)  Actual(ns)  Slack(ns)  Location     Pin
Min Period        n/a     FDCE/C   n/a            1.000         2.500       1.500      SLICE_X5Y49  sync_paradox_reg1_reg[0]/C
Min Period        n/a     FDCE/C   n/a            1.000         2.500       1.500      SLICE_X5Y49  sync_paradox_reg1_reg[1]/C
Min Period        n/a     FDCE/C   n/a            1.000         2.500       1.500      SLICE_X5Y49  sync_paradox_reg2_reg[0]/C
Min Period        n/a     FDCE/C   n/a            1.000         2.500       1.500      SLICE_X5Y49  sync_paradox_reg2_reg[1]/C
Min Period        n/a     FDCE/C   n/a            1.000         2.500       1.500      SLICE_X2Y49  sync_threat_reg1_reg[0]/C
Min Period        n/a     FDCE/C   n/a            1.000         2.500       1.500      SLICE_X2Y49  sync_threat_reg1_reg[1]/C
Min Period        n/a     FDCE/C   n/a            1.000         2.500       1.500      SLICE_X2Y49  sync_threat_reg2_reg[0]/C
Min Period        n/a     FDCE/C   n/a            1.000         2.500       1.500      SLICE_X2Y49  sync_threat_reg2_reg[1]/C
Low Pulse Width   Slow    FDCE/C   n/a            0.500         1.250       0.750      SLICE_X5Y49  sync_paradox_reg1_reg[0]/C
Low Pulse Width   Fast    FDCE/C   n/a            0.500         1.250       0.750      SLICE_X5Y49  sync_paradox_reg1_reg[0]/C
Low Pulse Width   Slow    FDCE/C   n/a            0.500         1.250       0.750      SLICE_X5Y49  sync_paradox_reg1_reg[1]/C
Low Pulse Width   Fast    FDCE/C   n/a            0.500         1.250       0.750      SLICE_X5Y49  sync_paradox_reg1_reg[1]/C
Low Pulse Width   Slow    FDCE/C   n/a            0.500         1.250       0.750      SLICE_X5Y49  sync_paradox_reg2_reg[0]/C
Low Pulse Width   Fast    FDCE/C   n/a            0.500         1.250       0.750      SLICE_X5Y49  sync_paradox_reg2_reg[0]/C
Low Pulse Width   Slow    FDCE/C   n/a            0.500         1.250       0.750      SLICE_X5Y49  sync_paradox_reg2_reg[1]/C
Low Pulse Width   Fast    FDCE/C   n/a            0.500         1.250       0.750      SLICE_X5Y49  sync_paradox_reg2_reg[1]/C
Low Pulse Width   Slow    FDCE/C   n/a            0.500         1.250       0.750      SLICE_X2Y49  sync_threat_reg1_reg[0]/C
Low Pulse Width   Fast    FDCE/C   n/a            0.500         1.250       0.750      SLICE_X2Y49  sync_threat_reg1_reg[0]/C
High Pulse Width  Slow    FDCE/C   n/a            0.500         1.250       0.750      SLICE_X5Y49  sync_paradox_reg1_reg[0]/C
High Pulse Width  Fast    FDCE/C   n/a            0.500         1.250       0.750      SLICE_X5Y49  sync_paradox_reg1_reg[0]/C
High Pulse Width  Slow    FDCE/C   n/a            0.500         1.250       0.750      SLICE_X5Y49  sync_paradox_reg1_reg[1]/C
High Pulse Width  Fast    FDCE/C   n/a            0.500         1.250       0.750      SLICE_X5Y49  sync_paradox_reg1_reg[1]/C
High Pulse Width  Slow    FDCE/C   n/a            0.500         1.250       0.750      SLICE_X5Y49  sync_paradox_reg2_reg[0]/C
High Pulse Width  Fast    FDCE/C   n/a            0.500         1.250       0.750      SLICE_X5Y49  sync_paradox_reg2_reg[0]/C
High Pulse Width  Slow    FDCE/C   n/a            0.500         1.250       0.750      SLICE_X5Y49  sync_paradox_reg2_reg[1]/C
High Pulse Width  Fast    FDCE/C   n/a            0.500         1.250       0.750      SLICE_X5Y49  sync_paradox_reg2_reg[1]/C
High Pulse Width  Slow    FDCE/C   n/a            0.500         1.250       0.750      SLICE_X2Y49  sync_threat_reg1_reg[0]/C
High Pulse Width  Fast    FDCE/C   n/a            0.500         1.250       0.750      SLICE_X2Y49  sync_threat_reg1_reg[0]/C



--------------------------------------------------------------------------------------
Path Group:  (none)
From Clock:  sys_clk
  To Clock:  phy_rx_clk

Max Delay             2 Endpoints
Min Delay             2 Endpoints
--------------------------------------------------------------------------------------


Max Delay Paths
--------------------------------------------------------------------------------------
Slack:                    inf
  Source:                 sync_paradox_reg2_reg[1]/C
                            (rising edge-triggered cell FDCE clocked by sys_clk  {rise@0.000ns fall@1.250ns period=2.500ns})
  Destination:            pipe_paradoxal_reg/D
                            (rising edge-triggered cell FDCE clocked by phy_rx_clk  {rise@0.000ns fall@4.000ns period=8.000ns})
  Path Group:             (none)
  Path Type:              Setup (Max at Slow Process Corner)
  Data Path Delay:        2.383ns  (logic 0.954ns (40.036%)  route 1.429ns (59.964%))
  Logic Levels:           2  (LUT2=1 LUT6=1)
  Clock Path Skew:        -0.052ns (DCD - SCD + CPR)
    Destination Clock Delay (DCD):    0.986ns
    Source Clock Delay      (SCD):    1.038ns
    Clock Pessimism Removal (CPR):    0.000ns
  Clock Uncertainty:      0.035ns  ((TSJ^2 + TIJ^2)^1/2 + DJ) / 2 + PE
    Total System Jitter     (TSJ):    0.071ns
    Total Input Jitter      (TIJ):    0.000ns
    Discrete Jitter          (DJ):    0.000ns
    Phase Error              (PE):    0.000ns
  Timing Exception:       Asynchronous Clock Groups

    Location             Delay type                Incr(ns)  Path(ns)    Netlist Resource(s)
  -------------------------------------------------------------------    -------------------
                         (clock sys_clk rise edge)    0.000     0.000 r  <hidden>
                                                      0.000     0.000 r  clk
                         net (fo=7, unset)            1.038     1.038    clk
    SLICE_X5Y49          FDCE                                         r  sync_paradox_reg2_reg[1]/C
  -------------------------------------------------------------------    -------------------
    SLICE_X5Y49          FDCE (Prop_fdce_C_Q)         0.497     1.535 r  sync_paradox_reg2_reg[1]/Q
                         net (fo=1, routed)           0.549     2.084    sync_paradox_reg2[1]
    SLICE_X4Y49          LUT6 (Prop_lut6_I5_O)        0.309     2.393 r  pipe_paradoxal_i_2/O
                         net (fo=1, routed)           0.879     3.273    pipe_paradoxal0
    SLICE_X4Y49          LUT2 (Prop_lut2_I1_O)        0.148     3.421 r  pipe_paradoxal_i_1/O
                         net (fo=1, routed)           0.000     3.421    pipe_paradoxal
    SLICE_X4Y49          FDCE                                         r  pipe_paradoxal_reg/D
  -------------------------------------------------------------------    -------------------

                         (clock phy_rx_clk rise edge)
                                                      0.000     0.000 r  <hidden>
                                                      0.000     0.000 r  phy_rx_clk
                         net (fo=102, unset)          0.986     0.986    phy_rx_clk
    SLICE_X4Y49          FDCE                                         r  pipe_paradoxal_reg/C

Slack:                    inf
  Source:                 sync_threat_reg2_reg[0]/C
                            (rising edge-triggered cell FDCE clocked by sys_clk  {rise@0.000ns fall@1.250ns period=2.500ns})
  Destination:            pipe_corrupted_reg/D
                            (rising edge-triggered cell FDCE clocked by phy_rx_clk  {rise@0.000ns fall@4.000ns period=8.000ns})
  Path Group:             (none)
  Path Type:              Setup (Max at Slow Process Corner)
  Data Path Delay:        1.787ns  (logic 0.868ns (48.562%)  route 0.919ns (51.438%))
  Logic Levels:           1  (LUT5=1)
  Clock Path Skew:        -0.052ns (DCD - SCD + CPR)
    Destination Clock Delay (DCD):    0.986ns
    Source Clock Delay      (SCD):    1.038ns
    Clock Pessimism Removal (CPR):    0.000ns
  Clock Uncertainty:      0.035ns  ((TSJ^2 + TIJ^2)^1/2 + DJ) / 2 + PE
    Total System Jitter     (TSJ):    0.071ns
    Total Input Jitter      (TIJ):    0.000ns
    Discrete Jitter          (DJ):    0.000ns
    Phase Error              (PE):    0.000ns
  Timing Exception:       Asynchronous Clock Groups

    Location             Delay type                Incr(ns)  Path(ns)    Netlist Resource(s)
  -------------------------------------------------------------------    -------------------
                         (clock sys_clk rise edge)    0.000     0.000 r  <hidden>
                                                      0.000     0.000 r  clk
                         net (fo=7, unset)            1.038     1.038    clk
    SLICE_X2Y49          FDCE                                         r  sync_threat_reg2_reg[0]/C
  -------------------------------------------------------------------    -------------------
    SLICE_X2Y49          FDCE (Prop_fdce_C_Q)         0.567     1.605 r  sync_threat_reg2_reg[0]/Q
                         net (fo=1, routed)           0.919     2.524    sync_threat_reg2[0]
    SLICE_X3Y49          LUT5 (Prop_lut5_I2_O)        0.301     2.825 r  pipe_corrupted_i_1/O
                         net (fo=1, routed)           0.000     2.825    pipe_corrupted
    SLICE_X3Y49          FDCE                                         r  pipe_corrupted_reg/D
  -------------------------------------------------------------------    -------------------

                         (clock phy_rx_clk rise edge)
                                                      0.000     0.000 r  <hidden>
                                                      0.000     0.000 r  phy_rx_clk
                         net (fo=102, unset)          0.986     0.986    phy_rx_clk
    SLICE_X3Y49          FDCE                                         r  pipe_corrupted_reg/C





Min Delay Paths
--------------------------------------------------------------------------------------
Slack:                    inf
  Source:                 sync_threat_reg2_reg[1]/C
                            (rising edge-triggered cell FDCE clocked by sys_clk  {rise@0.000ns fall@1.250ns period=2.500ns})
  Destination:            pipe_corrupted_reg/D
                            (rising edge-triggered cell FDCE clocked by phy_rx_clk  {rise@0.000ns fall@4.000ns period=8.000ns})
  Path Group:             (none)
  Path Type:              Hold (Min at Fast Process Corner)
  Data Path Delay:        0.508ns  (logic 0.333ns (65.580%)  route 0.175ns (34.420%))
  Logic Levels:           1  (LUT5=1)
  Clock Path Skew:        0.027ns (DCD - SCD - CPR)
    Destination Clock Delay (DCD):    0.542ns
    Source Clock Delay      (SCD):    0.515ns
    Clock Pessimism Removal (CPR):    -0.000ns
  Clock Uncertainty:      0.035ns  ((TSJ^2 + TIJ^2)^1/2 + DJ) / 2 + PE
    Total System Jitter     (TSJ):    0.071ns
    Total Input Jitter      (TIJ):    0.000ns
    Discrete Jitter          (DJ):    0.000ns
    Phase Error              (PE):    0.000ns
  Timing Exception:       Asynchronous Clock Groups

    Location             Delay type                Incr(ns)  Path(ns)    Netlist Resource(s)
  -------------------------------------------------------------------    -------------------
                         (clock sys_clk rise edge)    0.000     0.000 r  <hidden>
                                                      0.000     0.000 r  clk
                         net (fo=7, unset)            0.515     0.515    clk
    SLICE_X2Y49          FDCE                                         r  sync_threat_reg2_reg[1]/C
  -------------------------------------------------------------------    -------------------
    SLICE_X2Y49          FDCE (Prop_fdce_C_Q)         0.203     0.718 r  sync_threat_reg2_reg[1]/Q
                         net (fo=1, routed)           0.175     0.893    sync_threat_reg2[1]
    SLICE_X3Y49          LUT5 (Prop_lut5_I3_O)        0.130     1.023 r  pipe_corrupted_i_1/O
                         net (fo=1, routed)           0.000     1.023    pipe_corrupted
    SLICE_X3Y49          FDCE                                         r  pipe_corrupted_reg/D
  -------------------------------------------------------------------    -------------------

                         (clock phy_rx_clk rise edge)
                                                      0.000     0.000 r  <hidden>
                                                      0.000     0.000 r  phy_rx_clk
                         net (fo=102, unset)          0.542     0.542    phy_rx_clk
    SLICE_X3Y49          FDCE                                         r  pipe_corrupted_reg/C

Slack:                    inf
  Source:                 sync_paradox_reg2_reg[0]/C
                            (rising edge-triggered cell FDCE clocked by sys_clk  {rise@0.000ns fall@1.250ns period=2.500ns})
  Destination:            pipe_paradoxal_reg/D
                            (rising edge-triggered cell FDCE clocked by phy_rx_clk  {rise@0.000ns fall@4.000ns period=8.000ns})
  Path Group:             (none)
  Path Type:              Hold (Min at Fast Process Corner)
  Data Path Delay:        0.919ns  (logic 0.367ns (39.936%)  route 0.552ns (60.064%))
  Logic Levels:           2  (LUT2=1 LUT6=1)
  Clock Path Skew:        0.027ns (DCD - SCD - CPR)
    Destination Clock Delay (DCD):    0.542ns
    Source Clock Delay      (SCD):    0.515ns
    Clock Pessimism Removal (CPR):    -0.000ns
  Clock Uncertainty:      0.035ns  ((TSJ^2 + TIJ^2)^1/2 + DJ) / 2 + PE
    Total System Jitter     (TSJ):    0.071ns
    Total Input Jitter      (TIJ):    0.000ns
    Discrete Jitter          (DJ):    0.000ns
    Phase Error              (PE):    0.000ns
  Timing Exception:       Asynchronous Clock Groups

    Location             Delay type                Incr(ns)  Path(ns)    Netlist Resource(s)
  -------------------------------------------------------------------    -------------------
                         (clock sys_clk rise edge)    0.000     0.000 r  <hidden>
                                                      0.000     0.000 r  clk
                         net (fo=7, unset)            0.515     0.515    clk
    SLICE_X5Y49          FDCE                                         r  sync_paradox_reg2_reg[0]/C
  -------------------------------------------------------------------    -------------------
    SLICE_X5Y49          FDCE (Prop_fdce_C_Q)         0.177     0.692 r  sync_paradox_reg2_reg[0]/Q
                         net (fo=1, routed)           0.187     0.878    sync_paradox_reg2[0]
    SLICE_X4Y49          LUT6 (Prop_lut6_I4_O)        0.128     1.006 r  pipe_paradoxal_i_2/O
                         net (fo=1, routed)           0.365     1.372    pipe_paradoxal0
    SLICE_X4Y49          LUT2 (Prop_lut2_I1_O)        0.062     1.434 r  pipe_paradoxal_i_1/O
                         net (fo=1, routed)           0.000     1.434    pipe_paradoxal
    SLICE_X4Y49          FDCE                                         r  pipe_paradoxal_reg/D
  -------------------------------------------------------------------    -------------------

                         (clock phy_rx_clk rise edge)
                                                      0.000     0.000 r  <hidden>
                                                      0.000     0.000 r  phy_rx_clk
                         net (fo=102, unset)          0.542     0.542    phy_rx_clk
    SLICE_X4Y49          FDCE                                         r  pipe_paradoxal_reg/C





--------------------------------------------------------------------------------------
Path Group:  (none)
From Clock:  phy_rx_clk
  To Clock:  

Max Delay            98 Endpoints
Min Delay            98 Endpoints
--------------------------------------------------------------------------------------


Max Delay Paths
--------------------------------------------------------------------------------------
Slack:                    inf
  Source:                 r_count_anomaly_reg[0]/C
                            (rising edge-triggered cell FDCE clocked by phy_rx_clk  {rise@0.000ns fall@4.000ns period=8.000ns})
  Destination:            telemetry_anomaly_hits[0]
                            (output port)
  Path Group:             (none)
  Path Type:              Max at Slow Process Corner
  Data Path Delay:        1.648ns  (logic 0.610ns (37.015%)  route 1.038ns (62.985%))
  Logic Levels:           0  
  Clock Uncertainty:      0.025ns  ((TSJ^2 + TIJ^2)^1/2 + DJ) / 2 + PE
    Total System Jitter     (TSJ):    0.050ns
    Total Input Jitter      (TIJ):    0.000ns
    Discrete Jitter          (DJ):    0.000ns
    Phase Error              (PE):    0.000ns

    Location             Delay type                Incr(ns)  Path(ns)    Netlist Resource(s)
  -------------------------------------------------------------------    -------------------
                         (clock phy_rx_clk rise edge)
                                                      0.000     0.000 r  <hidden>
                                                      0.000     0.000 r  phy_rx_clk
                         net (fo=102, unset)          1.038     1.038    phy_rx_clk
    SLICE_X2Y51          FDCE                                         r  r_count_anomaly_reg[0]/C
  -------------------------------------------------------------------    -------------------
    SLICE_X2Y51          FDCE (Prop_fdce_C_Q)         0.610     1.648 r  r_count_anomaly_reg[0]/Q
                         net (fo=1, unset)            1.038     2.686    telemetry_anomaly_hits[0]
                                                                      r  telemetry_anomaly_hits[0]
  -------------------------------------------------------------------    -------------------

Slack:                    inf
  Source:                 r_count_anomaly_reg[10]/C
                            (rising edge-triggered cell FDCE clocked by phy_rx_clk  {rise@0.000ns fall@4.000ns period=8.000ns})
  Destination:            telemetry_anomaly_hits[10]
                            (output port)
  Path Group:             (none)
  Path Type:              Max at Slow Process Corner
  Data Path Delay:        1.648ns  (logic 0.610ns (37.015%)  route 1.038ns (62.985%))
  Logic Levels:           0  
  Clock Uncertainty:      0.025ns  ((TSJ^2 + TIJ^2)^1/2 + DJ) / 2 + PE
    Total System Jitter     (TSJ):    0.050ns
    Total Input Jitter      (TIJ):    0.000ns
    Discrete Jitter          (DJ):    0.000ns
    Phase Error              (PE):    0.000ns

    Location             Delay type                Incr(ns)  Path(ns)    Netlist Resource(s)
  -------------------------------------------------------------------    -------------------
                         (clock phy_rx_clk rise edge)
                                                      0.000     0.000 r  <hidden>
                                                      0.000     0.000 r  phy_rx_clk
                         net (fo=102, unset)          1.038     1.038    phy_rx_clk
    SLICE_X2Y53          FDCE                                         r  r_count_anomaly_reg[10]/C
  -------------------------------------------------------------------    -------------------
    SLICE_X2Y53          FDCE (Prop_fdce_C_Q)         0.610     1.648 r  r_count_anomaly_reg[10]/Q
                         net (fo=1, unset)            1.038     2.686    telemetry_anomaly_hits[10]
                                                                      r  telemetry_anomaly_hits[10]
  -------------------------------------------------------------------    -------------------

Slack:                    inf
  Source:                 r_count_anomaly_reg[11]/C
                            (rising edge-triggered cell FDCE clocked by phy_rx_clk  {rise@0.000ns fall@4.000ns period=8.000ns})
  Destination:            telemetry_anomaly_hits[11]
                            (output port)
  Path Group:             (none)
  Path Type:              Max at Slow Process Corner
  Data Path Delay:        1.648ns  (logic 0.610ns (37.015%)  route 1.038ns (62.985%))
  Logic Levels:           0  
  Clock Uncertainty:      0.025ns  ((TSJ^2 + TIJ^2)^1/2 + DJ) / 2 + PE
    Total System Jitter     (TSJ):    0.050ns
    Total Input Jitter      (TIJ):    0.000ns
    Discrete Jitter          (DJ):    0.000ns
    Phase Error              (PE):    0.000ns

    Location             Delay type                Incr(ns)  Path(ns)    Netlist Resource(s)
  -------------------------------------------------------------------    -------------------
                         (clock phy_rx_clk rise edge)
                                                      0.000     0.000 r  <hidden>
                                                      0.000     0.000 r  phy_rx_clk
                         net (fo=102, unset)          1.038     1.038    phy_rx_clk
    SLICE_X2Y53          FDCE                                         r  r_count_anomaly_reg[11]/C
  -------------------------------------------------------------------    -------------------
    SLICE_X2Y53          FDCE (Prop_fdce_C_Q)         0.610     1.648 r  r_count_anomaly_reg[11]/Q
                         net (fo=1, unset)            1.038     2.686    telemetry_anomaly_hits[11]
                                                                      r  telemetry_anomaly_hits[11]
  -------------------------------------------------------------------    -------------------

Slack:                    inf
  Source:                 r_count_anomaly_reg[12]/C
                            (rising edge-triggered cell FDCE clocked by phy_rx_clk  {rise@0.000ns fall@4.000ns period=8.000ns})
  Destination:            telemetry_anomaly_hits[12]
                            (output port)
  Path Group:             (none)
  Path Type:              Max at Slow Process Corner
  Data Path Delay:        1.648ns  (logic 0.610ns (37.015%)  route 1.038ns (62.985%))
  Logic Levels:           0  
  Clock Uncertainty:      0.025ns  ((TSJ^2 + TIJ^2)^1/2 + DJ) / 2 + PE
    Total System Jitter     (TSJ):    0.050ns
    Total Input Jitter      (TIJ):    0.000ns
    Discrete Jitter          (DJ):    0.000ns
    Phase Error              (PE):    0.000ns

    Location             Delay type                Incr(ns)  Path(ns)    Netlist Resource(s)
  -------------------------------------------------------------------    -------------------
                         (clock phy_rx_clk rise edge)
                                                      0.000     0.000 r  <hidden>
                                                      0.000     0.000 r  phy_rx_clk
                         net (fo=102, unset)          1.038     1.038    phy_rx_clk
    SLICE_X2Y54          FDCE                                         r  r_count_anomaly_reg[12]/C
  -------------------------------------------------------------------    -------------------
    SLICE_X2Y54          FDCE (Prop_fdce_C_Q)         0.610     1.648 r  r_count_anomaly_reg[12]/Q
                         net (fo=1, unset)            1.038     2.686    telemetry_anomaly_hits[12]
                                                                      r  telemetry_anomaly_hits[12]
  -------------------------------------------------------------------    -------------------

Slack:                    inf
  Source:                 r_count_anomaly_reg[13]/C
                            (rising edge-triggered cell FDCE clocked by phy_rx_clk  {rise@0.000ns fall@4.000ns period=8.000ns})
  Destination:            telemetry_anomaly_hits[13]
                            (output port)
  Path Group:             (none)
  Path Type:              Max at Slow Process Corner
  Data Path Delay:        1.648ns  (logic 0.610ns (37.015%)  route 1.038ns (62.985%))
  Logic Levels:           0  
  Clock Uncertainty:      0.025ns  ((TSJ^2 + TIJ^2)^1/2 + DJ) / 2 + PE
    Total System Jitter     (TSJ):    0.050ns
    Total Input Jitter      (TIJ):    0.000ns
    Discrete Jitter          (DJ):    0.000ns
    Phase Error              (PE):    0.000ns

    Location             Delay type                Incr(ns)  Path(ns)    Netlist Resource(s)
  -------------------------------------------------------------------    -------------------
                         (clock phy_rx_clk rise edge)
                                                      0.000     0.000 r  <hidden>
                                                      0.000     0.000 r  phy_rx_clk
                         net (fo=102, unset)          1.038     1.038    phy_rx_clk
    SLICE_X2Y54          FDCE                                         r  r_count_anomaly_reg[13]/C
  -------------------------------------------------------------------    -------------------
    SLICE_X2Y54          FDCE (Prop_fdce_C_Q)         0.610     1.648 r  r_count_anomaly_reg[13]/Q
                         net (fo=1, unset)            1.038     2.686    telemetry_anomaly_hits[13]
                                                                      r  telemetry_anomaly_hits[13]
  -------------------------------------------------------------------    -------------------

Slack:                    inf
  Source:                 r_count_anomaly_reg[14]/C
                            (rising edge-triggered cell FDCE clocked by phy_rx_clk  {rise@0.000ns fall@4.000ns period=8.000ns})
  Destination:            telemetry_anomaly_hits[14]
                            (output port)
  Path Group:             (none)
  Path Type:              Max at Slow Process Corner
  Data Path Delay:        1.648ns  (logic 0.610ns (37.015%)  route 1.038ns (62.985%))
  Logic Levels:           0  
  Clock Uncertainty:      0.025ns  ((TSJ^2 + TIJ^2)^1/2 + DJ) / 2 + PE
    Total System Jitter     (TSJ):    0.050ns
    Total Input Jitter      (TIJ):    0.000ns
    Discrete Jitter          (DJ):    0.000ns
    Phase Error              (PE):    0.000ns

    Location             Delay type                Incr(ns)  Path(ns)    Netlist Resource(s)
  -------------------------------------------------------------------    -------------------
                         (clock phy_rx_clk rise edge)
                                                      0.000     0.000 r  <hidden>
                                                      0.000     0.000 r  phy_rx_clk
                         net (fo=102, unset)          1.038     1.038    phy_rx_clk
    SLICE_X2Y54          FDCE                                         r  r_count_anomaly_reg[14]/C
  -------------------------------------------------------------------    -------------------
    SLICE_X2Y54          FDCE (Prop_fdce_C_Q)         0.610     1.648 r  r_count_anomaly_reg[14]/Q
                         net (fo=1, unset)            1.038     2.686    telemetry_anomaly_hits[14]
                                                                      r  telemetry_anomaly_hits[14]
  -------------------------------------------------------------------    -------------------

Slack:                    inf
  Source:                 r_count_anomaly_reg[15]/C
                            (rising edge-triggered cell FDCE clocked by phy_rx_clk  {rise@0.000ns fall@4.000ns period=8.000ns})
  Destination:            telemetry_anomaly_hits[15]
                            (output port)
  Path Group:             (none)
  Path Type:              Max at Slow Process Corner
  Data Path Delay:        1.648ns  (logic 0.610ns (37.015%)  route 1.038ns (62.985%))
  Logic Levels:           0  
  Clock Uncertainty:      0.025ns  ((TSJ^2 + TIJ^2)^1/2 + DJ) / 2 + PE
    Total System Jitter     (TSJ):    0.050ns
    Total Input Jitter      (TIJ):    0.000ns
    Discrete Jitter          (DJ):    0.000ns
    Phase Error              (PE):    0.000ns

    Location             Delay type                Incr(ns)  Path(ns)    Netlist Resource(s)
  -------------------------------------------------------------------    -------------------
                         (clock phy_rx_clk rise edge)
                                                      0.000     0.000 r  <hidden>
                                                      0.000     0.000 r  phy_rx_clk
                         net (fo=102, unset)          1.038     1.038    phy_rx_clk
    SLICE_X2Y54          FDCE                                         r  r_count_anomaly_reg[15]/C
  -------------------------------------------------------------------    -------------------
    SLICE_X2Y54          FDCE (Prop_fdce_C_Q)         0.610     1.648 r  r_count_anomaly_reg[15]/Q
                         net (fo=1, unset)            1.038     2.686    telemetry_anomaly_hits[15]
                                                                      r  telemetry_anomaly_hits[15]
  -------------------------------------------------------------------    -------------------

Slack:                    inf
  Source:                 r_count_anomaly_reg[16]/C
                            (rising edge-triggered cell FDCE clocked by phy_rx_clk  {rise@0.000ns fall@4.000ns period=8.000ns})
  Destination:            telemetry_anomaly_hits[16]
                            (output port)
  Path Group:             (none)
  Path Type:              Max at Slow Process Corner
  Data Path Delay:        1.648ns  (logic 0.610ns (37.015%)  route 1.038ns (62.985%))
  Logic Levels:           0  
  Clock Uncertainty:      0.025ns  ((TSJ^2 + TIJ^2)^1/2 + DJ) / 2 + PE
    Total System Jitter     (TSJ):    0.050ns
    Total Input Jitter      (TIJ):    0.000ns
    Discrete Jitter          (DJ):    0.000ns
    Phase Error              (PE):    0.000ns

    Location             Delay type                Incr(ns)  Path(ns)    Netlist Resource(s)
  -------------------------------------------------------------------    -------------------
                         (clock phy_rx_clk rise edge)
                                                      0.000     0.000 r  <hidden>
                                                      0.000     0.000 r  phy_rx_clk
                         net (fo=102, unset)          1.038     1.038    phy_rx_clk
    SLICE_X2Y55          FDCE                                         r  r_count_anomaly_reg[16]/C
  -------------------------------------------------------------------    -------------------
    SLICE_X2Y55          FDCE (Prop_fdce_C_Q)         0.610     1.648 r  r_count_anomaly_reg[16]/Q
                         net (fo=1, unset)            1.038     2.686    telemetry_anomaly_hits[16]
                                                                      r  telemetry_anomaly_hits[16]
  -------------------------------------------------------------------    -------------------

Slack:                    inf
  Source:                 r_count_anomaly_reg[17]/C
                            (rising edge-triggered cell FDCE clocked by phy_rx_clk  {rise@0.000ns fall@4.000ns period=8.000ns})
  Destination:            telemetry_anomaly_hits[17]
                            (output port)
  Path Group:             (none)
  Path Type:              Max at Slow Process Corner
  Data Path Delay:        1.648ns  (logic 0.610ns (37.015%)  route 1.038ns (62.985%))
  Logic Levels:           0  
  Clock Uncertainty:      0.025ns  ((TSJ^2 + TIJ^2)^1/2 + DJ) / 2 + PE
    Total System Jitter     (TSJ):    0.050ns
    Total Input Jitter      (TIJ):    0.000ns
    Discrete Jitter          (DJ):    0.000ns
    Phase Error              (PE):    0.000ns

    Location             Delay type                Incr(ns)  Path(ns)    Netlist Resource(s)
  -------------------------------------------------------------------    -------------------
                         (clock phy_rx_clk rise edge)
                                                      0.000     0.000 r  <hidden>
                                                      0.000     0.000 r  phy_rx_clk
                         net (fo=102, unset)          1.038     1.038    phy_rx_clk
    SLICE_X2Y55          FDCE                                         r  r_count_anomaly_reg[17]/C
  -------------------------------------------------------------------    -------------------
    SLICE_X2Y55          FDCE (Prop_fdce_C_Q)         0.610     1.648 r  r_count_anomaly_reg[17]/Q
                         net (fo=1, unset)            1.038     2.686    telemetry_anomaly_hits[17]
                                                                      r  telemetry_anomaly_hits[17]
  -------------------------------------------------------------------    -------------------

Slack:                    inf
  Source:                 r_count_anomaly_reg[18]/C
                            (rising edge-triggered cell FDCE clocked by phy_rx_clk  {rise@0.000ns fall@4.000ns period=8.000ns})
  Destination:            telemetry_anomaly_hits[18]
                            (output port)
  Path Group:             (none)
  Path Type:              Max at Slow Process Corner
  Data Path Delay:        1.648ns  (logic 0.610ns (37.015%)  route 1.038ns (62.985%))
  Logic Levels:           0  
  Clock Uncertainty:      0.025ns  ((TSJ^2 + TIJ^2)^1/2 + DJ) / 2 + PE
    Total System Jitter     (TSJ):    0.050ns
    Total Input Jitter      (TIJ):    0.000ns
    Discrete Jitter          (DJ):    0.000ns
    Phase Error              (PE):    0.000ns

    Location             Delay type                Incr(ns)  Path(ns)    Netlist Resource(s)
  -------------------------------------------------------------------    -------------------
                         (clock phy_rx_clk rise edge)
                                                      0.000     0.000 r  <hidden>
                                                      0.000     0.000 r  phy_rx_clk
                         net (fo=102, unset)          1.038     1.038    phy_rx_clk
    SLICE_X2Y55          FDCE                                         r  r_count_anomaly_reg[18]/C
  -------------------------------------------------------------------    -------------------
    SLICE_X2Y55          FDCE (Prop_fdce_C_Q)         0.610     1.648 r  r_count_anomaly_reg[18]/Q
                         net (fo=1, unset)            1.038     2.686    telemetry_anomaly_hits[18]
                                                                      r  telemetry_anomaly_hits[18]
  -------------------------------------------------------------------    -------------------





Min Delay Paths
--------------------------------------------------------------------------------------
Slack:                    inf
  Source:                 r_latch_state_v1_reg/C
                            (rising edge-triggered cell FDCE clocked by phy_rx_clk  {rise@0.000ns fall@4.000ns period=8.000ns})
  Destination:            assert_mitigation
                            (output port)
  Path Group:             (none)
  Path Type:              Min at Fast Process Corner
  Data Path Delay:        0.708ns  (logic 0.193ns (27.269%)  route 0.515ns (72.730%))
  Logic Levels:           0  
  Clock Uncertainty:      0.025ns  ((TSJ^2 + TIJ^2)^1/2 + DJ) / 2 + PE
    Total System Jitter     (TSJ):    0.050ns
    Total Input Jitter      (TIJ):    0.000ns
    Discrete Jitter          (DJ):    0.000ns
    Phase Error              (PE):    0.000ns

    Location             Delay type                Incr(ns)  Path(ns)    Netlist Resource(s)
  -------------------------------------------------------------------    -------------------
                         (clock phy_rx_clk rise edge)
                                                      0.000     0.000 r  <hidden>
                                                      0.000     0.000 r  phy_rx_clk
                         net (fo=102, unset)          0.515     0.515    phy_rx_clk
    SLICE_X3Y50          FDCE                                         r  r_latch_state_v1_reg/C
  -------------------------------------------------------------------    -------------------
    SLICE_X3Y50          FDCE (Prop_fdce_C_Q)         0.193     0.708 r  r_latch_state_v1_reg/Q
                         net (fo=4, unset)            0.515     1.223    assert_mitigation
                                                                      r  assert_mitigation
  -------------------------------------------------------------------    -------------------

Slack:                    inf
  Source:                 pipe_paradoxal_reg/C
                            (rising edge-triggered cell FDCE clocked by phy_rx_clk  {rise@0.000ns fall@4.000ns period=8.000ns})
  Destination:            is_paradoxical
                            (output port)
  Path Group:             (none)
  Path Type:              Min at Fast Process Corner
  Data Path Delay:        0.708ns  (logic 0.193ns (27.269%)  route 0.515ns (72.730%))
  Logic Levels:           0  
  Clock Uncertainty:      0.025ns  ((TSJ^2 + TIJ^2)^1/2 + DJ) / 2 + PE
    Total System Jitter     (TSJ):    0.050ns
    Total Input Jitter      (TIJ):    0.000ns
    Discrete Jitter          (DJ):    0.000ns
    Phase Error              (PE):    0.000ns

    Location             Delay type                Incr(ns)  Path(ns)    Netlist Resource(s)
  -------------------------------------------------------------------    -------------------
                         (clock phy_rx_clk rise edge)
                                                      0.000     0.000 r  <hidden>
                                                      0.000     0.000 r  phy_rx_clk
                         net (fo=102, unset)          0.515     0.515    phy_rx_clk
    SLICE_X4Y49          FDCE                                         r  pipe_paradoxal_reg/C
  -------------------------------------------------------------------    -------------------
    SLICE_X4Y49          FDCE (Prop_fdce_C_Q)         0.193     0.708 r  pipe_paradoxal_reg/Q
                         net (fo=4, unset)            0.515     1.223    is_paradoxical
                                                                      r  is_paradoxical
  -------------------------------------------------------------------    -------------------

Slack:                    inf
  Source:                 r_count_clean_reg[0]/C
                            (rising edge-triggered cell FDCE clocked by phy_rx_clk  {rise@0.000ns fall@4.000ns period=8.000ns})
  Destination:            telemetry_clean_packets[0]
                            (output port)
  Path Group:             (none)
  Path Type:              Min at Fast Process Corner
  Data Path Delay:        0.708ns  (logic 0.193ns (27.269%)  route 0.515ns (72.730%))
  Logic Levels:           0  
  Clock Uncertainty:      0.025ns  ((TSJ^2 + TIJ^2)^1/2 + DJ) / 2 + PE
    Total System Jitter     (TSJ):    0.050ns
    Total Input Jitter      (TIJ):    0.000ns
    Discrete Jitter          (DJ):    0.000ns
    Phase Error              (PE):    0.000ns

    Location             Delay type                Incr(ns)  Path(ns)    Netlist Resource(s)
  -------------------------------------------------------------------    -------------------
                         (clock phy_rx_clk rise edge)
                                                      0.000     0.000 r  <hidden>
                                                      0.000     0.000 r  phy_rx_clk
                         net (fo=102, unset)          0.515     0.515    phy_rx_clk
    SLICE_X3Y51          FDCE                                         r  r_count_clean_reg[0]/C
  -------------------------------------------------------------------    -------------------
    SLICE_X3Y51          FDCE (Prop_fdce_C_Q)         0.193     0.708 r  r_count_clean_reg[0]/Q
                         net (fo=1, unset)            0.515     1.223    telemetry_clean_packets[0]
                                                                      r  telemetry_clean_packets[0]
  -------------------------------------------------------------------    -------------------

Slack:                    inf
  Source:                 r_count_clean_reg[10]/C
                            (rising edge-triggered cell FDCE clocked by phy_rx_clk  {rise@0.000ns fall@4.000ns period=8.000ns})
  Destination:            telemetry_clean_packets[10]
                            (output port)
  Path Group:             (none)
  Path Type:              Min at Fast Process Corner
  Data Path Delay:        0.708ns  (logic 0.193ns (27.269%)  route 0.515ns (72.730%))
  Logic Levels:           0  
  Clock Uncertainty:      0.025ns  ((TSJ^2 + TIJ^2)^1/2 + DJ) / 2 + PE
    Total System Jitter     (TSJ):    0.050ns
    Total Input Jitter      (TIJ):    0.000ns
    Discrete Jitter          (DJ):    0.000ns
    Phase Error              (PE):    0.000ns

    Location             Delay type                Incr(ns)  Path(ns)    Netlist Resource(s)
  -------------------------------------------------------------------    -------------------
                         (clock phy_rx_clk rise edge)
                                                      0.000     0.000 r  <hidden>
                                                      0.000     0.000 r  phy_rx_clk
                         net (fo=102, unset)          0.515     0.515    phy_rx_clk
    SLICE_X3Y53          FDCE                                         r  r_count_clean_reg[10]/C
  -------------------------------------------------------------------    -------------------
    SLICE_X3Y53          FDCE (Prop_fdce_C_Q)         0.193     0.708 r  r_count_clean_reg[10]/Q
                         net (fo=1, unset)            0.515     1.223    telemetry_clean_packets[10]
                                                                      r  telemetry_clean_packets[10]
  -------------------------------------------------------------------    -------------------

Slack:                    inf
  Source:                 r_count_clean_reg[11]/C
                            (rising edge-triggered cell FDCE clocked by phy_rx_clk  {rise@0.000ns fall@4.000ns period=8.000ns})
  Destination:            telemetry_clean_packets[11]
                            (output port)
  Path Group:             (none)
  Path Type:              Min at Fast Process Corner
  Data Path Delay:        0.708ns  (logic 0.193ns (27.269%)  route 0.515ns (72.730%))
  Logic Levels:           0  
  Clock Uncertainty:      0.025ns  ((TSJ^2 + TIJ^2)^1/2 + DJ) / 2 + PE
    Total System Jitter     (TSJ):    0.050ns
    Total Input Jitter      (TIJ):    0.000ns
    Discrete Jitter          (DJ):    0.000ns
    Phase Error              (PE):    0.000ns

    Location             Delay type                Incr(ns)  Path(ns)    Netlist Resource(s)
  -------------------------------------------------------------------    -------------------
                         (clock phy_rx_clk rise edge)
                                                      0.000     0.000 r  <hidden>
                                                      0.000     0.000 r  phy_rx_clk
                         net (fo=102, unset)          0.515     0.515    phy_rx_clk
    SLICE_X3Y53          FDCE                                         r  r_count_clean_reg[11]/C
  -------------------------------------------------------------------    -------------------
    SLICE_X3Y53          FDCE (Prop_fdce_C_Q)         0.193     0.708 r  r_count_clean_reg[11]/Q
                         net (fo=1, unset)            0.515     1.223    telemetry_clean_packets[11]
                                                                      r  telemetry_clean_packets[11]
  -------------------------------------------------------------------    -------------------

Slack:                    inf
  Source:                 r_count_clean_reg[12]/C
                            (rising edge-triggered cell FDCE clocked by phy_rx_clk  {rise@0.000ns fall@4.000ns period=8.000ns})
  Destination:            telemetry_clean_packets[12]
                            (output port)
  Path Group:             (none)
  Path Type:              Min at Fast Process Corner
  Data Path Delay:        0.708ns  (logic 0.193ns (27.269%)  route 0.515ns (72.730%))
  Logic Levels:           0  
  Clock Uncertainty:      0.025ns  ((TSJ^2 + TIJ^2)^1/2 + DJ) / 2 + PE
    Total System Jitter     (TSJ):    0.050ns
    Total Input Jitter      (TIJ):    0.000ns
    Discrete Jitter          (DJ):    0.000ns
    Phase Error              (PE):    0.000ns

    Location             Delay type                Incr(ns)  Path(ns)    Netlist Resource(s)
  -------------------------------------------------------------------    -------------------
                         (clock phy_rx_clk rise edge)
                                                      0.000     0.000 r  <hidden>
                                                      0.000     0.000 r  phy_rx_clk
                         net (fo=102, unset)          0.515     0.515    phy_rx_clk
    SLICE_X3Y54          FDCE                                         r  r_count_clean_reg[12]/C
  -------------------------------------------------------------------    -------------------
    SLICE_X3Y54          FDCE (Prop_fdce_C_Q)         0.193     0.708 r  r_count_clean_reg[12]/Q
                         net (fo=1, unset)            0.515     1.223    telemetry_clean_packets[12]
                                                                      r  telemetry_clean_packets[12]
  -------------------------------------------------------------------    -------------------

Slack:                    inf
  Source:                 r_count_clean_reg[13]/C
                            (rising edge-triggered cell FDCE clocked by phy_rx_clk  {rise@0.000ns fall@4.000ns period=8.000ns})
  Destination:            telemetry_clean_packets[13]
                            (output port)
  Path Group:             (none)
  Path Type:              Min at Fast Process Corner
  Data Path Delay:        0.708ns  (logic 0.193ns (27.269%)  route 0.515ns (72.730%))
  Logic Levels:           0  
  Clock Uncertainty:      0.025ns  ((TSJ^2 + TIJ^2)^1/2 + DJ) / 2 + PE
    Total System Jitter     (TSJ):    0.050ns
    Total Input Jitter      (TIJ):    0.000ns
    Discrete Jitter          (DJ):    0.000ns
    Phase Error              (PE):    0.000ns

    Location             Delay type                Incr(ns)  Path(ns)    Netlist Resource(s)
  -------------------------------------------------------------------    -------------------
                         (clock phy_rx_clk rise edge)
                                                      0.000     0.000 r  <hidden>
                                                      0.000     0.000 r  phy_rx_clk
                         net (fo=102, unset)          0.515     0.515    phy_rx_clk
    SLICE_X3Y54          FDCE                                         r  r_count_clean_reg[13]/C
  -------------------------------------------------------------------    -------------------
    SLICE_X3Y54          FDCE (Prop_fdce_C_Q)         0.193     0.708 r  r_count_clean_reg[13]/Q
                         net (fo=1, unset)            0.515     1.223    telemetry_clean_packets[13]
                                                                      r  telemetry_clean_packets[13]
  -------------------------------------------------------------------    -------------------

Slack:                    inf
  Source:                 r_count_clean_reg[14]/C
                            (rising edge-triggered cell FDCE clocked by phy_rx_clk  {rise@0.000ns fall@4.000ns period=8.000ns})
  Destination:            telemetry_clean_packets[14]
                            (output port)
  Path Group:             (none)
  Path Type:              Min at Fast Process Corner
  Data Path Delay:        0.708ns  (logic 0.193ns (27.269%)  route 0.515ns (72.730%))
  Logic Levels:           0  
  Clock Uncertainty:      0.025ns  ((TSJ^2 + TIJ^2)^1/2 + DJ) / 2 + PE
    Total System Jitter     (TSJ):    0.050ns
    Total Input Jitter      (TIJ):    0.000ns
    Discrete Jitter          (DJ):    0.000ns
    Phase Error              (PE):    0.000ns

    Location             Delay type                Incr(ns)  Path(ns)    Netlist Resource(s)
  -------------------------------------------------------------------    -------------------
                         (clock phy_rx_clk rise edge)
                                                      0.000     0.000 r  <hidden>
                                                      0.000     0.000 r  phy_rx_clk
                         net (fo=102, unset)          0.515     0.515    phy_rx_clk
    SLICE_X3Y54          FDCE                                         r  r_count_clean_reg[14]/C
  -------------------------------------------------------------------    -------------------
    SLICE_X3Y54          FDCE (Prop_fdce_C_Q)         0.193     0.708 r  r_count_clean_reg[14]/Q
                         net (fo=1, unset)            0.515     1.223    telemetry_clean_packets[14]
                                                                      r  telemetry_clean_packets[14]
  -------------------------------------------------------------------    -------------------

Slack:                    inf
  Source:                 r_count_clean_reg[15]/C
                            (rising edge-triggered cell FDCE clocked by phy_rx_clk  {rise@0.000ns fall@4.000ns period=8.000ns})
  Destination:            telemetry_clean_packets[15]
                            (output port)
  Path Group:             (none)
  Path Type:              Min at Fast Process Corner
  Data Path Delay:        0.708ns  (logic 0.193ns (27.269%)  route 0.515ns (72.730%))
  Logic Levels:           0  
  Clock Uncertainty:      0.025ns  ((TSJ^2 + TIJ^2)^1/2 + DJ) / 2 + PE
    Total System Jitter     (TSJ):    0.050ns
    Total Input Jitter      (TIJ):    0.000ns
    Discrete Jitter          (DJ):    0.000ns
    Phase Error              (PE):    0.000ns

    Location             Delay type                Incr(ns)  Path(ns)    Netlist Resource(s)
  -------------------------------------------------------------------    -------------------
                         (clock phy_rx_clk rise edge)
                                                      0.000     0.000 r  <hidden>
                                                      0.000     0.000 r  phy_rx_clk
                         net (fo=102, unset)          0.515     0.515    phy_rx_clk
    SLICE_X3Y54          FDCE                                         r  r_count_clean_reg[15]/C
  -------------------------------------------------------------------    -------------------
    SLICE_X3Y54          FDCE (Prop_fdce_C_Q)         0.193     0.708 r  r_count_clean_reg[15]/Q
                         net (fo=1, unset)            0.515     1.223    telemetry_clean_packets[15]
                                                                      r  telemetry_clean_packets[15]
  -------------------------------------------------------------------    -------------------

Slack:                    inf
  Source:                 r_count_clean_reg[16]/C
                            (rising edge-triggered cell FDCE clocked by phy_rx_clk  {rise@0.000ns fall@4.000ns period=8.000ns})
  Destination:            telemetry_clean_packets[16]
                            (output port)
  Path Group:             (none)
  Path Type:              Min at Fast Process Corner
  Data Path Delay:        0.708ns  (logic 0.193ns (27.269%)  route 0.515ns (72.730%))
  Logic Levels:           0  
  Clock Uncertainty:      0.025ns  ((TSJ^2 + TIJ^2)^1/2 + DJ) / 2 + PE
    Total System Jitter     (TSJ):    0.050ns
    Total Input Jitter      (TIJ):    0.000ns
    Discrete Jitter          (DJ):    0.000ns
    Phase Error              (PE):    0.000ns

    Location             Delay type                Incr(ns)  Path(ns)    Netlist Resource(s)
  -------------------------------------------------------------------    -------------------
                         (clock phy_rx_clk rise edge)
                                                      0.000     0.000 r  <hidden>
                                                      0.000     0.000 r  phy_rx_clk
                         net (fo=102, unset)          0.515     0.515    phy_rx_clk
    SLICE_X3Y55          FDCE                                         r  r_count_clean_reg[16]/C
  -------------------------------------------------------------------    -------------------
    SLICE_X3Y55          FDCE (Prop_fdce_C_Q)         0.193     0.708 r  r_count_clean_reg[16]/Q
                         net (fo=1, unset)            0.515     1.223    telemetry_clean_packets[16]
                                                                      r  telemetry_clean_packets[16]
  -------------------------------------------------------------------    -------------------





--------------------------------------------------------------------------------------
Path Group:  (none)
From Clock:  
  To Clock:  phy_rx_clk

Max Delay           104 Endpoints
Min Delay           104 Endpoints
--------------------------------------------------------------------------------------


Max Delay Paths
--------------------------------------------------------------------------------------
Slack:                    inf
  Source:                 reset_n
                            (input port)
  Destination:            r_count_anomaly_reg[28]/CLR
                            (recovery check against rising-edge clock phy_rx_clk  {rise@0.000ns fall@4.000ns period=8.000ns})
  Path Group:             (none)
  Path Type:              Recovery (Max at Slow Process Corner)
  Data Path Delay:        2.940ns  (logic 0.148ns (5.034%)  route 2.792ns (94.966%))
  Logic Levels:           1  (LUT1=1)
  Clock Path Skew:        0.986ns (DCD - SCD + CPR)
    Destination Clock Delay (DCD):    0.986ns
    Source Clock Delay      (SCD):    0.000ns
    Clock Pessimism Removal (CPR):    0.000ns
  Clock Uncertainty:      0.025ns  ((TSJ^2 + TIJ^2)^1/2 + DJ) / 2 + PE
    Total System Jitter     (TSJ):    0.050ns
    Total Input Jitter      (TIJ):    0.000ns
    Discrete Jitter          (DJ):    0.000ns
    Phase Error              (PE):    0.000ns

    Location             Delay type                Incr(ns)  Path(ns)    Netlist Resource(s)
  -------------------------------------------------------------------    -------------------
                                                      0.000     0.000 r  reset_n
                         net (fo=0)                   1.038     1.038    reset_n
    SLICE_X4Y49          LUT1 (Prop_lut1_I0_O)        0.148     1.186 f  r_latch_state_v1_i_2/O
                         net (fo=111, routed)         1.754     2.940    r_latch_state_v1_i_2_n_0
    SLICE_X2Y58          FDCE                                         f  r_count_anomaly_reg[28]/CLR
  -------------------------------------------------------------------    -------------------

                         (clock phy_rx_clk rise edge)
                                                      0.000     0.000 r  <hidden>
                                                      0.000     0.000 r  phy_rx_clk
                         net (fo=102, unset)          0.986     0.986    phy_rx_clk
    SLICE_X2Y58          FDCE                                         r  r_count_anomaly_reg[28]/C

Slack:                    inf
  Source:                 reset_n
                            (input port)
  Destination:            r_count_anomaly_reg[29]/CLR
                            (recovery check against rising-edge clock phy_rx_clk  {rise@0.000ns fall@4.000ns period=8.000ns})
  Path Group:             (none)
  Path Type:              Recovery (Max at Slow Process Corner)
  Data Path Delay:        2.940ns  (logic 0.148ns (5.034%)  route 2.792ns (94.966%))
  Logic Levels:           1  (LUT1=1)
  Clock Path Skew:        0.986ns (DCD - SCD + CPR)
    Destination Clock Delay (DCD):    0.986ns
    Source Clock Delay      (SCD):    0.000ns
    Clock Pessimism Removal (CPR):    0.000ns
  Clock Uncertainty:      0.025ns  ((TSJ^2 + TIJ^2)^1/2 + DJ) / 2 + PE
    Total System Jitter     (TSJ):    0.050ns
    Total Input Jitter      (TIJ):    0.000ns
    Discrete Jitter          (DJ):    0.000ns
    Phase Error              (PE):    0.000ns

    Location             Delay type                Incr(ns)  Path(ns)    Netlist Resource(s)
  -------------------------------------------------------------------    -------------------
                                                      0.000     0.000 r  reset_n
                         net (fo=0)                   1.038     1.038    reset_n
    SLICE_X4Y49          LUT1 (Prop_lut1_I0_O)        0.148     1.186 f  r_latch_state_v1_i_2/O
                         net (fo=111, routed)         1.754     2.940    r_latch_state_v1_i_2_n_0
    SLICE_X2Y58          FDCE                                         f  r_count_anomaly_reg[29]/CLR
  -------------------------------------------------------------------    -------------------

                         (clock phy_rx_clk rise edge)
                                                      0.000     0.000 r  <hidden>
                                                      0.000     0.000 r  phy_rx_clk
                         net (fo=102, unset)          0.986     0.986    phy_rx_clk
    SLICE_X2Y58          FDCE                                         r  r_count_anomaly_reg[29]/C

Slack:                    inf
  Source:                 reset_n
                            (input port)
  Destination:            r_count_anomaly_reg[30]/CLR
                            (recovery check against rising-edge clock phy_rx_clk  {rise@0.000ns fall@4.000ns period=8.000ns})
  Path Group:             (none)
  Path Type:              Recovery (Max at Slow Process Corner)
  Data Path Delay:        2.940ns  (logic 0.148ns (5.034%)  route 2.792ns (94.966%))
  Logic Levels:           1  (LUT1=1)
  Clock Path Skew:        0.986ns (DCD - SCD + CPR)
    Destination Clock Delay (DCD):    0.986ns
    Source Clock Delay      (SCD):    0.000ns
    Clock Pessimism Removal (CPR):    0.000ns
  Clock Uncertainty:      0.025ns  ((TSJ^2 + TIJ^2)^1/2 + DJ) / 2 + PE
    Total System Jitter     (TSJ):    0.050ns
    Total Input Jitter      (TIJ):    0.000ns
    Discrete Jitter          (DJ):    0.000ns
    Phase Error              (PE):    0.000ns

    Location             Delay type                Incr(ns)  Path(ns)    Netlist Resource(s)
  -------------------------------------------------------------------    -------------------
                                                      0.000     0.000 r  reset_n
                         net (fo=0)                   1.038     1.038    reset_n
    SLICE_X4Y49          LUT1 (Prop_lut1_I0_O)        0.148     1.186 f  r_latch_state_v1_i_2/O
                         net (fo=111, routed)         1.754     2.940    r_latch_state_v1_i_2_n_0
    SLICE_X2Y58          FDCE                                         f  r_count_anomaly_reg[30]/CLR
  -------------------------------------------------------------------    -------------------

                         (clock phy_rx_clk rise edge)
                                                      0.000     0.000 r  <hidden>
                                                      0.000     0.000 r  phy_rx_clk
                         net (fo=102, unset)          0.986     0.986    phy_rx_clk
    SLICE_X2Y58          FDCE                                         r  r_count_anomaly_reg[30]/C

Slack:                    inf
  Source:                 reset_n
                            (input port)
  Destination:            r_count_anomaly_reg[31]/CLR
                            (recovery check against rising-edge clock phy_rx_clk  {rise@0.000ns fall@4.000ns period=8.000ns})
  Path Group:             (none)
  Path Type:              Recovery (Max at Slow Process Corner)
  Data Path Delay:        2.940ns  (logic 0.148ns (5.034%)  route 2.792ns (94.966%))
  Logic Levels:           1  (LUT1=1)
  Clock Path Skew:        0.986ns (DCD - SCD + CPR)
    Destination Clock Delay (DCD):    0.986ns
    Source Clock Delay      (SCD):    0.000ns
    Clock Pessimism Removal (CPR):    0.000ns
  Clock Uncertainty:      0.025ns  ((TSJ^2 + TIJ^2)^1/2 + DJ) / 2 + PE
    Total System Jitter     (TSJ):    0.050ns
    Total Input Jitter      (TIJ):    0.000ns
    Discrete Jitter          (DJ):    0.000ns
    Phase Error              (PE):    0.000ns

    Location             Delay type                Incr(ns)  Path(ns)    Netlist Resource(s)
  -------------------------------------------------------------------    -------------------
                                                      0.000     0.000 r  reset_n
                         net (fo=0)                   1.038     1.038    reset_n
    SLICE_X4Y49          LUT1 (Prop_lut1_I0_O)        0.148     1.186 f  r_latch_state_v1_i_2/O
                         net (fo=111, routed)         1.754     2.940    r_latch_state_v1_i_2_n_0
    SLICE_X2Y58          FDCE                                         f  r_count_anomaly_reg[31]/CLR
  -------------------------------------------------------------------    -------------------

                         (clock phy_rx_clk rise edge)
                                                      0.000     0.000 r  <hidden>
                                                      0.000     0.000 r  phy_rx_clk
                         net (fo=102, unset)          0.986     0.986    phy_rx_clk
    SLICE_X2Y58          FDCE                                         r  r_count_anomaly_reg[31]/C

Slack:                    inf
  Source:                 reset_n
                            (input port)
  Destination:            r_count_clean_reg[28]/CLR
                            (recovery check against rising-edge clock phy_rx_clk  {rise@0.000ns fall@4.000ns period=8.000ns})
  Path Group:             (none)
  Path Type:              Recovery (Max at Slow Process Corner)
  Data Path Delay:        2.940ns  (logic 0.148ns (5.034%)  route 2.792ns (94.966%))
  Logic Levels:           1  (LUT1=1)
  Clock Path Skew:        0.986ns (DCD - SCD + CPR)
    Destination Clock Delay (DCD):    0.986ns
    Source Clock Delay      (SCD):    0.000ns
    Clock Pessimism Removal (CPR):    0.000ns
  Clock Uncertainty:      0.025ns  ((TSJ^2 + TIJ^2)^1/2 + DJ) / 2 + PE
    Total System Jitter     (TSJ):    0.050ns
    Total Input Jitter      (TIJ):    0.000ns
    Discrete Jitter          (DJ):    0.000ns
    Phase Error              (PE):    0.000ns

    Location             Delay type                Incr(ns)  Path(ns)    Netlist Resource(s)
  -------------------------------------------------------------------    -------------------
                                                      0.000     0.000 r  reset_n
                         net (fo=0)                   1.038     1.038    reset_n
    SLICE_X4Y49          LUT1 (Prop_lut1_I0_O)        0.148     1.186 f  r_latch_state_v1_i_2/O
                         net (fo=111, routed)         1.754     2.940    r_latch_state_v1_i_2_n_0
    SLICE_X3Y58          FDCE                                         f  r_count_clean_reg[28]/CLR
  -------------------------------------------------------------------    -------------------

                         (clock phy_rx_clk rise edge)
                                                      0.000     0.000 r  <hidden>
                                                      0.000     0.000 r  phy_rx_clk
                         net (fo=102, unset)          0.986     0.986    phy_rx_clk
    SLICE_X3Y58          FDCE                                         r  r_count_clean_reg[28]/C

Slack:                    inf
  Source:                 reset_n
                            (input port)
  Destination:            r_count_clean_reg[29]/CLR
                            (recovery check against rising-edge clock phy_rx_clk  {rise@0.000ns fall@4.000ns period=8.000ns})
  Path Group:             (none)
  Path Type:              Recovery (Max at Slow Process Corner)
  Data Path Delay:        2.940ns  (logic 0.148ns (5.034%)  route 2.792ns (94.966%))
  Logic Levels:           1  (LUT1=1)
  Clock Path Skew:        0.986ns (DCD - SCD + CPR)
    Destination Clock Delay (DCD):    0.986ns
    Source Clock Delay      (SCD):    0.000ns
    Clock Pessimism Removal (CPR):    0.000ns
  Clock Uncertainty:      0.025ns  ((TSJ^2 + TIJ^2)^1/2 + DJ) / 2 + PE
    Total System Jitter     (TSJ):    0.050ns
    Total Input Jitter      (TIJ):    0.000ns
    Discrete Jitter          (DJ):    0.000ns
    Phase Error              (PE):    0.000ns

    Location             Delay type                Incr(ns)  Path(ns)    Netlist Resource(s)
  -------------------------------------------------------------------    -------------------
                                                      0.000     0.000 r  reset_n
                         net (fo=0)                   1.038     1.038    reset_n
    SLICE_X4Y49          LUT1 (Prop_lut1_I0_O)        0.148     1.186 f  r_latch_state_v1_i_2/O
                         net (fo=111, routed)         1.754     2.940    r_latch_state_v1_i_2_n_0
    SLICE_X3Y58          FDCE                                         f  r_count_clean_reg[29]/CLR
  -------------------------------------------------------------------    -------------------

                         (clock phy_rx_clk rise edge)
                                                      0.000     0.000 r  <hidden>
                                                      0.000     0.000 r  phy_rx_clk
                         net (fo=102, unset)          0.986     0.986    phy_rx_clk
    SLICE_X3Y58          FDCE                                         r  r_count_clean_reg[29]/C

Slack:                    inf
  Source:                 reset_n
                            (input port)
  Destination:            r_count_clean_reg[30]/CLR
                            (recovery check against rising-edge clock phy_rx_clk  {rise@0.000ns fall@4.000ns period=8.000ns})
  Path Group:             (none)
  Path Type:              Recovery (Max at Slow Process Corner)
  Data Path Delay:        2.940ns  (logic 0.148ns (5.034%)  route 2.792ns (94.966%))
  Logic Levels:           1  (LUT1=1)
  Clock Path Skew:        0.986ns (DCD - SCD + CPR)
    Destination Clock Delay (DCD):    0.986ns
    Source Clock Delay      (SCD):    0.000ns
    Clock Pessimism Removal (CPR):    0.000ns
  Clock Uncertainty:      0.025ns  ((TSJ^2 + TIJ^2)^1/2 + DJ) / 2 + PE
    Total System Jitter     (TSJ):    0.050ns
    Total Input Jitter      (TIJ):    0.000ns
    Discrete Jitter          (DJ):    0.000ns
    Phase Error              (PE):    0.000ns

    Location             Delay type                Incr(ns)  Path(ns)    Netlist Resource(s)
  -------------------------------------------------------------------    -------------------
                                                      0.000     0.000 r  reset_n
                         net (fo=0)                   1.038     1.038    reset_n
    SLICE_X4Y49          LUT1 (Prop_lut1_I0_O)        0.148     1.186 f  r_latch_state_v1_i_2/O
                         net (fo=111, routed)         1.754     2.940    r_latch_state_v1_i_2_n_0
    SLICE_X3Y58          FDCE                                         f  r_count_clean_reg[30]/CLR
  -------------------------------------------------------------------    -------------------

                         (clock phy_rx_clk rise edge)
                                                      0.000     0.000 r  <hidden>
                                                      0.000     0.000 r  phy_rx_clk
                         net (fo=102, unset)          0.986     0.986    phy_rx_clk
    SLICE_X3Y58          FDCE                                         r  r_count_clean_reg[30]/C

Slack:                    inf
  Source:                 reset_n
                            (input port)
  Destination:            r_count_clean_reg[31]/CLR
                            (recovery check against rising-edge clock phy_rx_clk  {rise@0.000ns fall@4.000ns period=8.000ns})
  Path Group:             (none)
  Path Type:              Recovery (Max at Slow Process Corner)
  Data Path Delay:        2.940ns  (logic 0.148ns (5.034%)  route 2.792ns (94.966%))
  Logic Levels:           1  (LUT1=1)
  Clock Path Skew:        0.986ns (DCD - SCD + CPR)
    Destination Clock Delay (DCD):    0.986ns
    Source Clock Delay      (SCD):    0.000ns
    Clock Pessimism Removal (CPR):    0.000ns
  Clock Uncertainty:      0.025ns  ((TSJ^2 + TIJ^2)^1/2 + DJ) / 2 + PE
    Total System Jitter     (TSJ):    0.050ns
    Total Input Jitter      (TIJ):    0.000ns
    Discrete Jitter          (DJ):    0.000ns
    Phase Error              (PE):    0.000ns

    Location             Delay type                Incr(ns)  Path(ns)    Netlist Resource(s)
  -------------------------------------------------------------------    -------------------
                                                      0.000     0.000 r  reset_n
                         net (fo=0)                   1.038     1.038    reset_n
    SLICE_X4Y49          LUT1 (Prop_lut1_I0_O)        0.148     1.186 f  r_latch_state_v1_i_2/O
                         net (fo=111, routed)         1.754     2.940    r_latch_state_v1_i_2_n_0
    SLICE_X3Y58          FDCE                                         f  r_count_clean_reg[31]/CLR
  -------------------------------------------------------------------    -------------------

                         (clock phy_rx_clk rise edge)
                                                      0.000     0.000 r  <hidden>
                                                      0.000     0.000 r  phy_rx_clk
                         net (fo=102, unset)          0.986     0.986    phy_rx_clk
    SLICE_X3Y58          FDCE                                         r  r_count_clean_reg[31]/C

Slack:                    inf
  Source:                 reset_n
                            (input port)
  Destination:            r_count_anomaly_reg[24]/CLR
                            (recovery check against rising-edge clock phy_rx_clk  {rise@0.000ns fall@4.000ns period=8.000ns})
  Path Group:             (none)
  Path Type:              Recovery (Max at Slow Process Corner)
  Data Path Delay:        2.811ns  (logic 0.148ns (5.264%)  route 2.663ns (94.736%))
  Logic Levels:           1  (LUT1=1)
  Clock Path Skew:        0.986ns (DCD - SCD + CPR)
    Destination Clock Delay (DCD):    0.986ns
    Source Clock Delay      (SCD):    0.000ns
    Clock Pessimism Removal (CPR):    0.000ns
  Clock Uncertainty:      0.025ns  ((TSJ^2 + TIJ^2)^1/2 + DJ) / 2 + PE
    Total System Jitter     (TSJ):    0.050ns
    Total Input Jitter      (TIJ):    0.000ns
    Discrete Jitter          (DJ):    0.000ns
    Phase Error              (PE):    0.000ns

    Location             Delay type                Incr(ns)  Path(ns)    Netlist Resource(s)
  -------------------------------------------------------------------    -------------------
                                                      0.000     0.000 r  reset_n
                         net (fo=0)                   1.038     1.038    reset_n
    SLICE_X4Y49          LUT1 (Prop_lut1_I0_O)        0.148     1.186 f  r_latch_state_v1_i_2/O
                         net (fo=111, routed)         1.625     2.811    r_latch_state_v1_i_2_n_0
    SLICE_X2Y57          FDCE                                         f  r_count_anomaly_reg[24]/CLR
  -------------------------------------------------------------------    -------------------

                         (clock phy_rx_clk rise edge)
                                                      0.000     0.000 r  <hidden>
                                                      0.000     0.000 r  phy_rx_clk
                         net (fo=102, unset)          0.986     0.986    phy_rx_clk
    SLICE_X2Y57          FDCE                                         r  r_count_anomaly_reg[24]/C

Slack:                    inf
  Source:                 reset_n
                            (input port)
  Destination:            r_count_anomaly_reg[25]/CLR
                            (recovery check against rising-edge clock phy_rx_clk  {rise@0.000ns fall@4.000ns period=8.000ns})
  Path Group:             (none)
  Path Type:              Recovery (Max at Slow Process Corner)
  Data Path Delay:        2.811ns  (logic 0.148ns (5.264%)  route 2.663ns (94.736%))
  Logic Levels:           1  (LUT1=1)
  Clock Path Skew:        0.986ns (DCD - SCD + CPR)
    Destination Clock Delay (DCD):    0.986ns
    Source Clock Delay      (SCD):    0.000ns
    Clock Pessimism Removal (CPR):    0.000ns
  Clock Uncertainty:      0.025ns  ((TSJ^2 + TIJ^2)^1/2 + DJ) / 2 + PE
    Total System Jitter     (TSJ):    0.050ns
    Total Input Jitter      (TIJ):    0.000ns
    Discrete Jitter          (DJ):    0.000ns
    Phase Error              (PE):    0.000ns

    Location             Delay type                Incr(ns)  Path(ns)    Netlist Resource(s)
  -------------------------------------------------------------------    -------------------
                                                      0.000     0.000 r  reset_n
                         net (fo=0)                   1.038     1.038    reset_n
    SLICE_X4Y49          LUT1 (Prop_lut1_I0_O)        0.148     1.186 f  r_latch_state_v1_i_2/O
                         net (fo=111, routed)         1.625     2.811    r_latch_state_v1_i_2_n_0
    SLICE_X2Y57          FDCE                                         f  r_count_anomaly_reg[25]/CLR
  -------------------------------------------------------------------    -------------------

                         (clock phy_rx_clk rise edge)
                                                      0.000     0.000 r  <hidden>
                                                      0.000     0.000 r  phy_rx_clk
                         net (fo=102, unset)          0.986     0.986    phy_rx_clk
    SLICE_X2Y57          FDCE                                         r  r_count_anomaly_reg[25]/C





Min Delay Paths
--------------------------------------------------------------------------------------
Slack:                    inf
  Source:                 software_clear_watchdog
                            (input port)
  Destination:            sync_clear_wd1_reg/D
                            (rising edge-triggered cell FDCE clocked by phy_rx_clk  {rise@0.000ns fall@4.000ns period=8.000ns})
  Path Group:             (none)
  Path Type:              Hold (Min at Fast Process Corner)
  Data Path Delay:        0.515ns  (logic 0.000ns (0.000%)  route 0.515ns (100.000%))
  Logic Levels:           0  
  Clock Path Skew:        0.542ns (DCD - SCD - CPR)
    Destination Clock Delay (DCD):    0.542ns
    Source Clock Delay      (SCD):    0.000ns
    Clock Pessimism Removal (CPR):    -0.000ns

    Location             Delay type                Incr(ns)  Path(ns)    Netlist Resource(s)
  -------------------------------------------------------------------    -------------------
                                                      0.000     0.000 r  software_clear_watchdog
                         net (fo=0)                   0.515     0.515    software_clear_watchdog
    SLICE_X3Y50          FDCE                                         r  sync_clear_wd1_reg/D
  -------------------------------------------------------------------    -------------------

                         (clock phy_rx_clk rise edge)
                                                      0.000     0.000 r  <hidden>
                                                      0.000     0.000 r  phy_rx_clk
                         net (fo=102, unset)          0.542     0.542    phy_rx_clk
    SLICE_X3Y50          FDCE                                         r  sync_clear_wd1_reg/C

Slack:                    inf
  Source:                 reset_n
                            (input port)
  Destination:            pipe_paradoxal_reg/CLR
                            (removal check against rising-edge clock phy_rx_clk  {rise@0.000ns fall@4.000ns period=8.000ns})
  Path Group:             (none)
  Path Type:              Removal (Min at Fast Process Corner)
  Data Path Delay:        0.815ns  (logic 0.062ns (7.606%)  route 0.753ns (92.394%))
  Logic Levels:           1  (LUT1=1)
  Clock Path Skew:        0.542ns (DCD - SCD - CPR)
    Destination Clock Delay (DCD):    0.542ns
    Source Clock Delay      (SCD):    0.000ns
    Clock Pessimism Removal (CPR):    -0.000ns

    Location             Delay type                Incr(ns)  Path(ns)    Netlist Resource(s)
  -------------------------------------------------------------------    -------------------
                                                      0.000     0.000 r  reset_n
                         net (fo=0)                   0.515     0.515    reset_n
    SLICE_X4Y49          LUT1 (Prop_lut1_I0_O)        0.062     0.577 f  r_latch_state_v1_i_2/O
                         net (fo=111, routed)         0.238     0.815    r_latch_state_v1_i_2_n_0
    SLICE_X4Y49          FDCE                                         f  pipe_paradoxal_reg/CLR
  -------------------------------------------------------------------    -------------------

                         (clock phy_rx_clk rise edge)
                                                      0.000     0.000 r  <hidden>
                                                      0.000     0.000 r  phy_rx_clk
                         net (fo=102, unset)          0.542     0.542    phy_rx_clk
    SLICE_X4Y49          FDCE                                         r  pipe_paradoxal_reg/C

Slack:                    inf
  Source:                 reset_n
                            (input port)
  Destination:            reg_tdata_prev_reg[0]/CLR
                            (removal check against rising-edge clock phy_rx_clk  {rise@0.000ns fall@4.000ns period=8.000ns})
  Path Group:             (none)
  Path Type:              Removal (Min at Fast Process Corner)
  Data Path Delay:        0.815ns  (logic 0.062ns (7.606%)  route 0.753ns (92.394%))
  Logic Levels:           1  (LUT1=1)
  Clock Path Skew:        0.542ns (DCD - SCD - CPR)
    Destination Clock Delay (DCD):    0.542ns
    Source Clock Delay      (SCD):    0.000ns
    Clock Pessimism Removal (CPR):    -0.000ns

    Location             Delay type                Incr(ns)  Path(ns)    Netlist Resource(s)
  -------------------------------------------------------------------    -------------------
                                                      0.000     0.000 r  reset_n
                         net (fo=0)                   0.515     0.515    reset_n
    SLICE_X4Y49          LUT1 (Prop_lut1_I0_O)        0.062     0.577 f  r_latch_state_v1_i_2/O
                         net (fo=111, routed)         0.238     0.815    r_latch_state_v1_i_2_n_0
    SLICE_X4Y49          FDCE                                         f  reg_tdata_prev_reg[0]/CLR
  -------------------------------------------------------------------    -------------------

                         (clock phy_rx_clk rise edge)
                                                      0.000     0.000 r  <hidden>
                                                      0.000     0.000 r  phy_rx_clk
                         net (fo=102, unset)          0.542     0.542    phy_rx_clk
    SLICE_X4Y49          FDCE                                         r  reg_tdata_prev_reg[0]/C

Slack:                    inf
  Source:                 reset_n
                            (input port)
  Destination:            reg_tdata_prev_reg[1]/CLR
                            (removal check against rising-edge clock phy_rx_clk  {rise@0.000ns fall@4.000ns period=8.000ns})
  Path Group:             (none)
  Path Type:              Removal (Min at Fast Process Corner)
  Data Path Delay:        0.815ns  (logic 0.062ns (7.606%)  route 0.753ns (92.394%))
  Logic Levels:           1  (LUT1=1)
  Clock Path Skew:        0.542ns (DCD - SCD - CPR)
    Destination Clock Delay (DCD):    0.542ns
    Source Clock Delay      (SCD):    0.000ns
    Clock Pessimism Removal (CPR):    -0.000ns

    Location             Delay type                Incr(ns)  Path(ns)    Netlist Resource(s)
  -------------------------------------------------------------------    -------------------
                                                      0.000     0.000 r  reset_n
                         net (fo=0)                   0.515     0.515    reset_n
    SLICE_X4Y49          LUT1 (Prop_lut1_I0_O)        0.062     0.577 f  r_latch_state_v1_i_2/O
                         net (fo=111, routed)         0.238     0.815    r_latch_state_v1_i_2_n_0
    SLICE_X4Y49          FDCE                                         f  reg_tdata_prev_reg[1]/CLR
  -------------------------------------------------------------------    -------------------

                         (clock phy_rx_clk rise edge)
                                                      0.000     0.000 r  <hidden>
                                                      0.000     0.000 r  phy_rx_clk
                         net (fo=102, unset)          0.542     0.542    phy_rx_clk
    SLICE_X4Y49          FDCE                                         r  reg_tdata_prev_reg[1]/C

Slack:                    inf
  Source:                 reset_n
                            (input port)
  Destination:            r_count_soft_block_reg[0]/CLR
                            (removal check against rising-edge clock phy_rx_clk  {rise@0.000ns fall@4.000ns period=8.000ns})
  Path Group:             (none)
  Path Type:              Removal (Min at Fast Process Corner)
  Data Path Delay:        0.842ns  (logic 0.062ns (7.364%)  route 0.780ns (92.636%))
  Logic Levels:           1  (LUT1=1)
  Clock Path Skew:        0.542ns (DCD - SCD - CPR)
    Destination Clock Delay (DCD):    0.542ns
    Source Clock Delay      (SCD):    0.000ns
    Clock Pessimism Removal (CPR):    -0.000ns

    Location             Delay type                Incr(ns)  Path(ns)    Netlist Resource(s)
  -------------------------------------------------------------------    -------------------
                                                      0.000     0.000 r  reset_n
                         net (fo=0)                   0.515     0.515    reset_n
    SLICE_X4Y49          LUT1 (Prop_lut1_I0_O)        0.062     0.577 f  r_latch_state_v1_i_2/O
                         net (fo=111, routed)         0.265     0.842    r_latch_state_v1_i_2_n_0
    SLICE_X4Y51          FDCE                                         f  r_count_soft_block_reg[0]/CLR
  -------------------------------------------------------------------    -------------------

                         (clock phy_rx_clk rise edge)
                                                      0.000     0.000 r  <hidden>
                                                      0.000     0.000 r  phy_rx_clk
                         net (fo=102, unset)          0.542     0.542    phy_rx_clk
    SLICE_X4Y51          FDCE                                         r  r_count_soft_block_reg[0]/C

Slack:                    inf
  Source:                 reset_n
                            (input port)
  Destination:            r_count_soft_block_reg[1]/CLR
                            (removal check against rising-edge clock phy_rx_clk  {rise@0.000ns fall@4.000ns period=8.000ns})
  Path Group:             (none)
  Path Type:              Removal (Min at Fast Process Corner)
  Data Path Delay:        0.842ns  (logic 0.062ns (7.364%)  route 0.780ns (92.636%))
  Logic Levels:           1  (LUT1=1)
  Clock Path Skew:        0.542ns (DCD - SCD - CPR)
    Destination Clock Delay (DCD):    0.542ns
    Source Clock Delay      (SCD):    0.000ns
    Clock Pessimism Removal (CPR):    -0.000ns

    Location             Delay type                Incr(ns)  Path(ns)    Netlist Resource(s)
  -------------------------------------------------------------------    -------------------
                                                      0.000     0.000 r  reset_n
                         net (fo=0)                   0.515     0.515    reset_n
    SLICE_X4Y49          LUT1 (Prop_lut1_I0_O)        0.062     0.577 f  r_latch_state_v1_i_2/O
                         net (fo=111, routed)         0.265     0.842    r_latch_state_v1_i_2_n_0
    SLICE_X4Y51          FDCE                                         f  r_count_soft_block_reg[1]/CLR
  -------------------------------------------------------------------    -------------------

                         (clock phy_rx_clk rise edge)
                                                      0.000     0.000 r  <hidden>
                                                      0.000     0.000 r  phy_rx_clk
                         net (fo=102, unset)          0.542     0.542    phy_rx_clk
    SLICE_X4Y51          FDCE                                         r  r_count_soft_block_reg[1]/C

Slack:                    inf
  Source:                 reset_n
                            (input port)
  Destination:            r_count_soft_block_reg[2]/CLR
                            (removal check against rising-edge clock phy_rx_clk  {rise@0.000ns fall@4.000ns period=8.000ns})
  Path Group:             (none)
  Path Type:              Removal (Min at Fast Process Corner)
  Data Path Delay:        0.842ns  (logic 0.062ns (7.364%)  route 0.780ns (92.636%))
  Logic Levels:           1  (LUT1=1)
  Clock Path Skew:        0.542ns (DCD - SCD - CPR)
    Destination Clock Delay (DCD):    0.542ns
    Source Clock Delay      (SCD):    0.000ns
    Clock Pessimism Removal (CPR):    -0.000ns

    Location             Delay type                Incr(ns)  Path(ns)    Netlist Resource(s)
  -------------------------------------------------------------------    -------------------
                                                      0.000     0.000 r  reset_n
                         net (fo=0)                   0.515     0.515    reset_n
    SLICE_X4Y49          LUT1 (Prop_lut1_I0_O)        0.062     0.577 f  r_latch_state_v1_i_2/O
                         net (fo=111, routed)         0.265     0.842    r_latch_state_v1_i_2_n_0
    SLICE_X4Y51          FDCE                                         f  r_count_soft_block_reg[2]/CLR
  -------------------------------------------------------------------    -------------------

                         (clock phy_rx_clk rise edge)
                                                      0.000     0.000 r  <hidden>
                                                      0.000     0.000 r  phy_rx_clk
                         net (fo=102, unset)          0.542     0.542    phy_rx_clk
    SLICE_X4Y51          FDCE                                         r  r_count_soft_block_reg[2]/C

Slack:                    inf
  Source:                 reset_n
                            (input port)
  Destination:            r_count_soft_block_reg[3]/CLR
                            (removal check against rising-edge clock phy_rx_clk  {rise@0.000ns fall@4.000ns period=8.000ns})
  Path Group:             (none)
  Path Type:              Removal (Min at Fast Process Corner)
  Data Path Delay:        0.842ns  (logic 0.062ns (7.364%)  route 0.780ns (92.636%))
  Logic Levels:           1  (LUT1=1)
  Clock Path Skew:        0.542ns (DCD - SCD - CPR)
    Destination Clock Delay (DCD):    0.542ns
    Source Clock Delay      (SCD):    0.000ns
    Clock Pessimism Removal (CPR):    -0.000ns

    Location             Delay type                Incr(ns)  Path(ns)    Netlist Resource(s)
  -------------------------------------------------------------------    -------------------
                                                      0.000     0.000 r  reset_n
                         net (fo=0)                   0.515     0.515    reset_n
    SLICE_X4Y49          LUT1 (Prop_lut1_I0_O)        0.062     0.577 f  r_latch_state_v1_i_2/O
                         net (fo=111, routed)         0.265     0.842    r_latch_state_v1_i_2_n_0
    SLICE_X4Y51          FDCE                                         f  r_count_soft_block_reg[3]/CLR
  -------------------------------------------------------------------    -------------------

                         (clock phy_rx_clk rise edge)
                                                      0.000     0.000 r  <hidden>
                                                      0.000     0.000 r  phy_rx_clk
                         net (fo=102, unset)          0.542     0.542    phy_rx_clk
    SLICE_X4Y51          FDCE                                         r  r_count_soft_block_reg[3]/C

Slack:                    inf
  Source:                 reset_n
                            (input port)
  Destination:            pipe_corrupted_reg/CLR
                            (removal check against rising-edge clock phy_rx_clk  {rise@0.000ns fall@4.000ns period=8.000ns})
  Path Group:             (none)
  Path Type:              Removal (Min at Fast Process Corner)
  Data Path Delay:        0.898ns  (logic 0.062ns (6.901%)  route 0.836ns (93.099%))
  Logic Levels:           1  (LUT1=1)
  Clock Path Skew:        0.542ns (DCD - SCD - CPR)
    Destination Clock Delay (DCD):    0.542ns
    Source Clock Delay      (SCD):    0.000ns
    Clock Pessimism Removal (CPR):    -0.000ns

    Location             Delay type                Incr(ns)  Path(ns)    Netlist Resource(s)
  -------------------------------------------------------------------    -------------------
                                                      0.000     0.000 r  reset_n
                         net (fo=0)                   0.515     0.515    reset_n
    SLICE_X4Y49          LUT1 (Prop_lut1_I0_O)        0.062     0.577 f  r_latch_state_v1_i_2/O
                         net (fo=111, routed)         0.322     0.898    r_latch_state_v1_i_2_n_0
    SLICE_X3Y49          FDCE                                         f  pipe_corrupted_reg/CLR
  -------------------------------------------------------------------    -------------------

                         (clock phy_rx_clk rise edge)
                                                      0.000     0.000 r  <hidden>
                                                      0.000     0.000 r  phy_rx_clk
                         net (fo=102, unset)          0.542     0.542    phy_rx_clk
    SLICE_X3Y49          FDCE                                         r  pipe_corrupted_reg/C

Slack:                    inf
  Source:                 reset_n
                            (input port)
  Destination:            r_count_soft_block_reg[4]/CLR
                            (removal check against rising-edge clock phy_rx_clk  {rise@0.000ns fall@4.000ns period=8.000ns})
  Path Group:             (none)
  Path Type:              Removal (Min at Fast Process Corner)
  Data Path Delay:        0.901ns  (logic 0.062ns (6.878%)  route 0.839ns (93.122%))
  Logic Levels:           1  (LUT1=1)
  Clock Path Skew:        0.542ns (DCD - SCD - CPR)
    Destination Clock Delay (DCD):    0.542ns
    Source Clock Delay      (SCD):    0.000ns
    Clock Pessimism Removal (CPR):    -0.000ns

    Location             Delay type                Incr(ns)  Path(ns)    Netlist Resource(s)
  -------------------------------------------------------------------    -------------------
                                                      0.000     0.000 r  reset_n
                         net (fo=0)                   0.515     0.515    reset_n
    SLICE_X4Y49          LUT1 (Prop_lut1_I0_O)        0.062     0.577 f  r_latch_state_v1_i_2/O
                         net (fo=111, routed)         0.325     0.901    r_latch_state_v1_i_2_n_0
    SLICE_X4Y52          FDCE                                         f  r_count_soft_block_reg[4]/CLR
  -------------------------------------------------------------------    -------------------

                         (clock phy_rx_clk rise edge)
                                                      0.000     0.000 r  <hidden>
                                                      0.000     0.000 r  phy_rx_clk
                         net (fo=102, unset)          0.542     0.542    phy_rx_clk
    SLICE_X4Y52          FDCE                                         r  r_count_soft_block_reg[4]/C





--------------------------------------------------------------------------------------
Path Group:  (none)
From Clock:  
  To Clock:  sys_clk

Max Delay            12 Endpoints
Min Delay            12 Endpoints
--------------------------------------------------------------------------------------


Max Delay Paths
--------------------------------------------------------------------------------------
Slack:                    inf
  Source:                 reset_n
                            (input port)
  Destination:            sync_threat_reg1_reg[0]/CLR
                            (recovery check against rising-edge clock sys_clk  {rise@0.000ns fall@1.250ns period=2.500ns})
  Path Group:             (none)
  Path Type:              Recovery (Max at Slow Process Corner)
  Data Path Delay:        1.822ns  (logic 0.148ns (8.124%)  route 1.674ns (91.876%))
  Logic Levels:           1  (LUT1=1)
  Clock Path Skew:        0.986ns (DCD - SCD + CPR)
    Destination Clock Delay (DCD):    0.986ns
    Source Clock Delay      (SCD):    0.000ns
    Clock Pessimism Removal (CPR):    0.000ns
  Clock Uncertainty:      0.025ns  ((TSJ^2 + TIJ^2)^1/2 + DJ) / 2 + PE
    Total System Jitter     (TSJ):    0.050ns
    Total Input Jitter      (TIJ):    0.000ns
    Discrete Jitter          (DJ):    0.000ns
    Phase Error              (PE):    0.000ns

    Location             Delay type                Incr(ns)  Path(ns)    Netlist Resource(s)
  -------------------------------------------------------------------    -------------------
                                                      0.000     0.000 r  reset_n
                         net (fo=0)                   1.038     1.038    reset_n
    SLICE_X4Y49          LUT1 (Prop_lut1_I0_O)        0.148     1.186 f  r_latch_state_v1_i_2/O
                         net (fo=111, routed)         0.636     1.822    r_latch_state_v1_i_2_n_0
    SLICE_X2Y49          FDCE                                         f  sync_threat_reg1_reg[0]/CLR
  -------------------------------------------------------------------    -------------------

                         (clock sys_clk rise edge)    0.000     0.000 r  <hidden>
                                                      0.000     0.000 r  clk
                         net (fo=7, unset)            0.986     0.986    clk
    SLICE_X2Y49          FDCE                                         r  sync_threat_reg1_reg[0]/C

Slack:                    inf
  Source:                 reset_n
                            (input port)
  Destination:            sync_threat_reg1_reg[1]/CLR
                            (recovery check against rising-edge clock sys_clk  {rise@0.000ns fall@1.250ns period=2.500ns})
  Path Group:             (none)
  Path Type:              Recovery (Max at Slow Process Corner)
  Data Path Delay:        1.822ns  (logic 0.148ns (8.124%)  route 1.674ns (91.876%))
  Logic Levels:           1  (LUT1=1)
  Clock Path Skew:        0.986ns (DCD - SCD + CPR)
    Destination Clock Delay (DCD):    0.986ns
    Source Clock Delay      (SCD):    0.000ns
    Clock Pessimism Removal (CPR):    0.000ns
  Clock Uncertainty:      0.025ns  ((TSJ^2 + TIJ^2)^1/2 + DJ) / 2 + PE
    Total System Jitter     (TSJ):    0.050ns
    Total Input Jitter      (TIJ):    0.000ns
    Discrete Jitter          (DJ):    0.000ns
    Phase Error              (PE):    0.000ns

    Location             Delay type                Incr(ns)  Path(ns)    Netlist Resource(s)
  -------------------------------------------------------------------    -------------------
                                                      0.000     0.000 r  reset_n
                         net (fo=0)                   1.038     1.038    reset_n
    SLICE_X4Y49          LUT1 (Prop_lut1_I0_O)        0.148     1.186 f  r_latch_state_v1_i_2/O
                         net (fo=111, routed)         0.636     1.822    r_latch_state_v1_i_2_n_0
    SLICE_X2Y49          FDCE                                         f  sync_threat_reg1_reg[1]/CLR
  -------------------------------------------------------------------    -------------------

                         (clock sys_clk rise edge)    0.000     0.000 r  <hidden>
                                                      0.000     0.000 r  clk
                         net (fo=7, unset)            0.986     0.986    clk
    SLICE_X2Y49          FDCE                                         r  sync_threat_reg1_reg[1]/C

Slack:                    inf
  Source:                 reset_n
                            (input port)
  Destination:            sync_threat_reg2_reg[0]/CLR
                            (recovery check against rising-edge clock sys_clk  {rise@0.000ns fall@1.250ns period=2.500ns})
  Path Group:             (none)
  Path Type:              Recovery (Max at Slow Process Corner)
  Data Path Delay:        1.822ns  (logic 0.148ns (8.124%)  route 1.674ns (91.876%))
  Logic Levels:           1  (LUT1=1)
  Clock Path Skew:        0.986ns (DCD - SCD + CPR)
    Destination Clock Delay (DCD):    0.986ns
    Source Clock Delay      (SCD):    0.000ns
    Clock Pessimism Removal (CPR):    0.000ns
  Clock Uncertainty:      0.025ns  ((TSJ^2 + TIJ^2)^1/2 + DJ) / 2 + PE
    Total System Jitter     (TSJ):    0.050ns
    Total Input Jitter      (TIJ):    0.000ns
    Discrete Jitter          (DJ):    0.000ns
    Phase Error              (PE):    0.000ns

    Location             Delay type                Incr(ns)  Path(ns)    Netlist Resource(s)
  -------------------------------------------------------------------    -------------------
                                                      0.000     0.000 r  reset_n
                         net (fo=0)                   1.038     1.038    reset_n
    SLICE_X4Y49          LUT1 (Prop_lut1_I0_O)        0.148     1.186 f  r_latch_state_v1_i_2/O
                         net (fo=111, routed)         0.636     1.822    r_latch_state_v1_i_2_n_0
    SLICE_X2Y49          FDCE                                         f  sync_threat_reg2_reg[0]/CLR
  -------------------------------------------------------------------    -------------------

                         (clock sys_clk rise edge)    0.000     0.000 r  <hidden>
                                                      0.000     0.000 r  clk
                         net (fo=7, unset)            0.986     0.986    clk
    SLICE_X2Y49          FDCE                                         r  sync_threat_reg2_reg[0]/C

Slack:                    inf
  Source:                 reset_n
                            (input port)
  Destination:            sync_threat_reg2_reg[1]/CLR
                            (recovery check against rising-edge clock sys_clk  {rise@0.000ns fall@1.250ns period=2.500ns})
  Path Group:             (none)
  Path Type:              Recovery (Max at Slow Process Corner)
  Data Path Delay:        1.822ns  (logic 0.148ns (8.124%)  route 1.674ns (91.876%))
  Logic Levels:           1  (LUT1=1)
  Clock Path Skew:        0.986ns (DCD - SCD + CPR)
    Destination Clock Delay (DCD):    0.986ns
    Source Clock Delay      (SCD):    0.000ns
    Clock Pessimism Removal (CPR):    0.000ns
  Clock Uncertainty:      0.025ns  ((TSJ^2 + TIJ^2)^1/2 + DJ) / 2 + PE
    Total System Jitter     (TSJ):    0.050ns
    Total Input Jitter      (TIJ):    0.000ns
    Discrete Jitter          (DJ):    0.000ns
    Phase Error              (PE):    0.000ns

    Location             Delay type                Incr(ns)  Path(ns)    Netlist Resource(s)
  -------------------------------------------------------------------    -------------------
                                                      0.000     0.000 r  reset_n
                         net (fo=0)                   1.038     1.038    reset_n
    SLICE_X4Y49          LUT1 (Prop_lut1_I0_O)        0.148     1.186 f  r_latch_state_v1_i_2/O
                         net (fo=111, routed)         0.636     1.822    r_latch_state_v1_i_2_n_0
    SLICE_X2Y49          FDCE                                         f  sync_threat_reg2_reg[1]/CLR
  -------------------------------------------------------------------    -------------------

                         (clock sys_clk rise edge)    0.000     0.000 r  <hidden>
                                                      0.000     0.000 r  clk
                         net (fo=7, unset)            0.986     0.986    clk
    SLICE_X2Y49          FDCE                                         r  sync_threat_reg2_reg[1]/C

Slack:                    inf
  Source:                 reset_n
                            (input port)
  Destination:            sync_paradox_reg1_reg[0]/CLR
                            (recovery check against rising-edge clock sys_clk  {rise@0.000ns fall@1.250ns period=2.500ns})
  Path Group:             (none)
  Path Type:              Recovery (Max at Slow Process Corner)
  Data Path Delay:        1.680ns  (logic 0.148ns (8.808%)  route 1.532ns (91.192%))
  Logic Levels:           1  (LUT1=1)
  Clock Path Skew:        0.986ns (DCD - SCD + CPR)
    Destination Clock Delay (DCD):    0.986ns
    Source Clock Delay      (SCD):    0.000ns
    Clock Pessimism Removal (CPR):    0.000ns
  Clock Uncertainty:      0.025ns  ((TSJ^2 + TIJ^2)^1/2 + DJ) / 2 + PE
    Total System Jitter     (TSJ):    0.050ns
    Total Input Jitter      (TIJ):    0.000ns
    Discrete Jitter          (DJ):    0.000ns
    Phase Error              (PE):    0.000ns

    Location             Delay type                Incr(ns)  Path(ns)    Netlist Resource(s)
  -------------------------------------------------------------------    -------------------
                                                      0.000     0.000 r  reset_n
                         net (fo=0)                   1.038     1.038    reset_n
    SLICE_X4Y49          LUT1 (Prop_lut1_I0_O)        0.148     1.186 f  r_latch_state_v1_i_2/O
                         net (fo=111, routed)         0.494     1.680    r_latch_state_v1_i_2_n_0
    SLICE_X5Y49          FDCE                                         f  sync_paradox_reg1_reg[0]/CLR
  -------------------------------------------------------------------    -------------------

                         (clock sys_clk rise edge)    0.000     0.000 r  <hidden>
                                                      0.000     0.000 r  clk
                         net (fo=7, unset)            0.986     0.986    clk
    SLICE_X5Y49          FDCE                                         r  sync_paradox_reg1_reg[0]/C

Slack:                    inf
  Source:                 reset_n
                            (input port)
  Destination:            sync_paradox_reg1_reg[1]/CLR
                            (recovery check against rising-edge clock sys_clk  {rise@0.000ns fall@1.250ns period=2.500ns})
  Path Group:             (none)
  Path Type:              Recovery (Max at Slow Process Corner)
  Data Path Delay:        1.680ns  (logic 0.148ns (8.808%)  route 1.532ns (91.192%))
  Logic Levels:           1  (LUT1=1)
  Clock Path Skew:        0.986ns (DCD - SCD + CPR)
    Destination Clock Delay (DCD):    0.986ns
    Source Clock Delay      (SCD):    0.000ns
    Clock Pessimism Removal (CPR):    0.000ns
  Clock Uncertainty:      0.025ns  ((TSJ^2 + TIJ^2)^1/2 + DJ) / 2 + PE
    Total System Jitter     (TSJ):    0.050ns
    Total Input Jitter      (TIJ):    0.000ns
    Discrete Jitter          (DJ):    0.000ns
    Phase Error              (PE):    0.000ns

    Location             Delay type                Incr(ns)  Path(ns)    Netlist Resource(s)
  -------------------------------------------------------------------    -------------------
                                                      0.000     0.000 r  reset_n
                         net (fo=0)                   1.038     1.038    reset_n
    SLICE_X4Y49          LUT1 (Prop_lut1_I0_O)        0.148     1.186 f  r_latch_state_v1_i_2/O
                         net (fo=111, routed)         0.494     1.680    r_latch_state_v1_i_2_n_0
    SLICE_X5Y49          FDCE                                         f  sync_paradox_reg1_reg[1]/CLR
  -------------------------------------------------------------------    -------------------

                         (clock sys_clk rise edge)    0.000     0.000 r  <hidden>
                                                      0.000     0.000 r  clk
                         net (fo=7, unset)            0.986     0.986    clk
    SLICE_X5Y49          FDCE                                         r  sync_paradox_reg1_reg[1]/C

Slack:                    inf
  Source:                 reset_n
                            (input port)
  Destination:            sync_paradox_reg2_reg[0]/CLR
                            (recovery check against rising-edge clock sys_clk  {rise@0.000ns fall@1.250ns period=2.500ns})
  Path Group:             (none)
  Path Type:              Recovery (Max at Slow Process Corner)
  Data Path Delay:        1.680ns  (logic 0.148ns (8.808%)  route 1.532ns (91.192%))
  Logic Levels:           1  (LUT1=1)
  Clock Path Skew:        0.986ns (DCD - SCD + CPR)
    Destination Clock Delay (DCD):    0.986ns
    Source Clock Delay      (SCD):    0.000ns
    Clock Pessimism Removal (CPR):    0.000ns
  Clock Uncertainty:      0.025ns  ((TSJ^2 + TIJ^2)^1/2 + DJ) / 2 + PE
    Total System Jitter     (TSJ):    0.050ns
    Total Input Jitter      (TIJ):    0.000ns
    Discrete Jitter          (DJ):    0.000ns
    Phase Error              (PE):    0.000ns

    Location             Delay type                Incr(ns)  Path(ns)    Netlist Resource(s)
  -------------------------------------------------------------------    -------------------
                                                      0.000     0.000 r  reset_n
                         net (fo=0)                   1.038     1.038    reset_n
    SLICE_X4Y49          LUT1 (Prop_lut1_I0_O)        0.148     1.186 f  r_latch_state_v1_i_2/O
                         net (fo=111, routed)         0.494     1.680    r_latch_state_v1_i_2_n_0
    SLICE_X5Y49          FDCE                                         f  sync_paradox_reg2_reg[0]/CLR
  -------------------------------------------------------------------    -------------------

                         (clock sys_clk rise edge)    0.000     0.000 r  <hidden>
                                                      0.000     0.000 r  clk
                         net (fo=7, unset)            0.986     0.986    clk
    SLICE_X5Y49          FDCE                                         r  sync_paradox_reg2_reg[0]/C

Slack:                    inf
  Source:                 reset_n
                            (input port)
  Destination:            sync_paradox_reg2_reg[1]/CLR
                            (recovery check against rising-edge clock sys_clk  {rise@0.000ns fall@1.250ns period=2.500ns})
  Path Group:             (none)
  Path Type:              Recovery (Max at Slow Process Corner)
  Data Path Delay:        1.680ns  (logic 0.148ns (8.808%)  route 1.532ns (91.192%))
  Logic Levels:           1  (LUT1=1)
  Clock Path Skew:        0.986ns (DCD - SCD + CPR)
    Destination Clock Delay (DCD):    0.986ns
    Source Clock Delay      (SCD):    0.000ns
    Clock Pessimism Removal (CPR):    0.000ns
  Clock Uncertainty:      0.025ns  ((TSJ^2 + TIJ^2)^1/2 + DJ) / 2 + PE
    Total System Jitter     (TSJ):    0.050ns
    Total Input Jitter      (TIJ):    0.000ns
    Discrete Jitter          (DJ):    0.000ns
    Phase Error              (PE):    0.000ns

    Location             Delay type                Incr(ns)  Path(ns)    Netlist Resource(s)
  -------------------------------------------------------------------    -------------------
                                                      0.000     0.000 r  reset_n
                         net (fo=0)                   1.038     1.038    reset_n
    SLICE_X4Y49          LUT1 (Prop_lut1_I0_O)        0.148     1.186 f  r_latch_state_v1_i_2/O
                         net (fo=111, routed)         0.494     1.680    r_latch_state_v1_i_2_n_0
    SLICE_X5Y49          FDCE                                         f  sync_paradox_reg2_reg[1]/CLR
  -------------------------------------------------------------------    -------------------

                         (clock sys_clk rise edge)    0.000     0.000 r  <hidden>
                                                      0.000     0.000 r  clk
                         net (fo=7, unset)            0.986     0.986    clk
    SLICE_X5Y49          FDCE                                         r  sync_paradox_reg2_reg[1]/C

Slack:                    inf
  Source:                 paradox_trigger_mask[0]
                            (input port)
  Destination:            sync_paradox_reg1_reg[0]/D
                            (rising edge-triggered cell FDCE clocked by sys_clk  {rise@0.000ns fall@1.250ns period=2.500ns})
  Path Group:             (none)
  Path Type:              Setup (Max at Slow Process Corner)
  Data Path Delay:        1.038ns  (logic 0.000ns (0.000%)  route 1.038ns (100.000%))
  Logic Levels:           0  
  Clock Path Skew:        0.986ns (DCD - SCD + CPR)
    Destination Clock Delay (DCD):    0.986ns
    Source Clock Delay      (SCD):    0.000ns
    Clock Pessimism Removal (CPR):    0.000ns
  Clock Uncertainty:      0.025ns  ((TSJ^2 + TIJ^2)^1/2 + DJ) / 2 + PE
    Total System Jitter     (TSJ):    0.050ns
    Total Input Jitter      (TIJ):    0.000ns
    Discrete Jitter          (DJ):    0.000ns
    Phase Error              (PE):    0.000ns

    Location             Delay type                Incr(ns)  Path(ns)    Netlist Resource(s)
  -------------------------------------------------------------------    -------------------
                                                      0.000     0.000 r  paradox_trigger_mask[0]
                         net (fo=0)                   1.038     1.038    paradox_trigger_mask[0]
    SLICE_X5Y49          FDCE                                         r  sync_paradox_reg1_reg[0]/D
  -------------------------------------------------------------------    -------------------

                         (clock sys_clk rise edge)    0.000     0.000 r  <hidden>
                                                      0.000     0.000 r  clk
                         net (fo=7, unset)            0.986     0.986    clk
    SLICE_X5Y49          FDCE                                         r  sync_paradox_reg1_reg[0]/C

Slack:                    inf
  Source:                 paradox_trigger_mask[1]
                            (input port)
  Destination:            sync_paradox_reg1_reg[1]/D
                            (rising edge-triggered cell FDCE clocked by sys_clk  {rise@0.000ns fall@1.250ns period=2.500ns})
  Path Group:             (none)
  Path Type:              Setup (Max at Slow Process Corner)
  Data Path Delay:        1.038ns  (logic 0.000ns (0.000%)  route 1.038ns (100.000%))
  Logic Levels:           0  
  Clock Path Skew:        0.986ns (DCD - SCD + CPR)
    Destination Clock Delay (DCD):    0.986ns
    Source Clock Delay      (SCD):    0.000ns
    Clock Pessimism Removal (CPR):    0.000ns
  Clock Uncertainty:      0.025ns  ((TSJ^2 + TIJ^2)^1/2 + DJ) / 2 + PE
    Total System Jitter     (TSJ):    0.050ns
    Total Input Jitter      (TIJ):    0.000ns
    Discrete Jitter          (DJ):    0.000ns
    Phase Error              (PE):    0.000ns

    Location             Delay type                Incr(ns)  Path(ns)    Netlist Resource(s)
  -------------------------------------------------------------------    -------------------
                                                      0.000     0.000 r  paradox_trigger_mask[1]
                         net (fo=0)                   1.038     1.038    paradox_trigger_mask[1]
    SLICE_X5Y49          FDCE                                         r  sync_paradox_reg1_reg[1]/D
  -------------------------------------------------------------------    -------------------

                         (clock sys_clk rise edge)    0.000     0.000 r  <hidden>
                                                      0.000     0.000 r  clk
                         net (fo=7, unset)            0.986     0.986    clk
    SLICE_X5Y49          FDCE                                         r  sync_paradox_reg1_reg[1]/C





Min Delay Paths
--------------------------------------------------------------------------------------
Slack:                    inf
  Source:                 paradox_trigger_mask[0]
                            (input port)
  Destination:            sync_paradox_reg1_reg[0]/D
                            (rising edge-triggered cell FDCE clocked by sys_clk  {rise@0.000ns fall@1.250ns period=2.500ns})
  Path Group:             (none)
  Path Type:              Hold (Min at Fast Process Corner)
  Data Path Delay:        0.515ns  (logic 0.000ns (0.000%)  route 0.515ns (100.000%))
  Logic Levels:           0  
  Clock Path Skew:        0.542ns (DCD - SCD - CPR)
    Destination Clock Delay (DCD):    0.542ns
    Source Clock Delay      (SCD):    0.000ns
    Clock Pessimism Removal (CPR):    -0.000ns

    Location             Delay type                Incr(ns)  Path(ns)    Netlist Resource(s)
  -------------------------------------------------------------------    -------------------
                                                      0.000     0.000 r  paradox_trigger_mask[0]
                         net (fo=0)                   0.515     0.515    paradox_trigger_mask[0]
    SLICE_X5Y49          FDCE                                         r  sync_paradox_reg1_reg[0]/D
  -------------------------------------------------------------------    -------------------

                         (clock sys_clk rise edge)    0.000     0.000 r  <hidden>
                                                      0.000     0.000 r  clk
                         net (fo=7, unset)            0.542     0.542    clk
    SLICE_X5Y49          FDCE                                         r  sync_paradox_reg1_reg[0]/C

Slack:                    inf
  Source:                 paradox_trigger_mask[1]
                            (input port)
  Destination:            sync_paradox_reg1_reg[1]/D
                            (rising edge-triggered cell FDCE clocked by sys_clk  {rise@0.000ns fall@1.250ns period=2.500ns})
  Path Group:             (none)
  Path Type:              Hold (Min at Fast Process Corner)
  Data Path Delay:        0.515ns  (logic 0.000ns (0.000%)  route 0.515ns (100.000%))
  Logic Levels:           0  
  Clock Path Skew:        0.542ns (DCD - SCD - CPR)
    Destination Clock Delay (DCD):    0.542ns
    Source Clock Delay      (SCD):    0.000ns
    Clock Pessimism Removal (CPR):    -0.000ns

    Location             Delay type                Incr(ns)  Path(ns)    Netlist Resource(s)
  -------------------------------------------------------------------    -------------------
                                                      0.000     0.000 r  paradox_trigger_mask[1]
                         net (fo=0)                   0.515     0.515    paradox_trigger_mask[1]
    SLICE_X5Y49          FDCE                                         r  sync_paradox_reg1_reg[1]/D
  -------------------------------------------------------------------    -------------------

                         (clock sys_clk rise edge)    0.000     0.000 r  <hidden>
                                                      0.000     0.000 r  clk
                         net (fo=7, unset)            0.542     0.542    clk
    SLICE_X5Y49          FDCE                                         r  sync_paradox_reg1_reg[1]/C

Slack:                    inf
  Source:                 runtime_threat_mask[0]
                            (input port)
  Destination:            sync_threat_reg1_reg[0]/D
                            (rising edge-triggered cell FDCE clocked by sys_clk  {rise@0.000ns fall@1.250ns period=2.500ns})
  Path Group:             (none)
  Path Type:              Hold (Min at Fast Process Corner)
  Data Path Delay:        0.515ns  (logic 0.000ns (0.000%)  route 0.515ns (100.000%))
  Logic Levels:           0  
  Clock Path Skew:        0.542ns (DCD - SCD - CPR)
    Destination Clock Delay (DCD):    0.542ns
    Source Clock Delay      (SCD):    0.000ns
    Clock Pessimism Removal (CPR):    -0.000ns

    Location             Delay type                Incr(ns)  Path(ns)    Netlist Resource(s)
  -------------------------------------------------------------------    -------------------
                                                      0.000     0.000 r  runtime_threat_mask[0]
                         net (fo=0)                   0.515     0.515    runtime_threat_mask[0]
    SLICE_X2Y49          FDCE                                         r  sync_threat_reg1_reg[0]/D
  -------------------------------------------------------------------    -------------------

                         (clock sys_clk rise edge)    0.000     0.000 r  <hidden>
                                                      0.000     0.000 r  clk
                         net (fo=7, unset)            0.542     0.542    clk
    SLICE_X2Y49          FDCE                                         r  sync_threat_reg1_reg[0]/C

Slack:                    inf
  Source:                 runtime_threat_mask[1]
                            (input port)
  Destination:            sync_threat_reg1_reg[1]/D
                            (rising edge-triggered cell FDCE clocked by sys_clk  {rise@0.000ns fall@1.250ns period=2.500ns})
  Path Group:             (none)
  Path Type:              Hold (Min at Fast Process Corner)
  Data Path Delay:        0.515ns  (logic 0.000ns (0.000%)  route 0.515ns (100.000%))
  Logic Levels:           0  
  Clock Path Skew:        0.542ns (DCD - SCD - CPR)
    Destination Clock Delay (DCD):    0.542ns
    Source Clock Delay      (SCD):    0.000ns
    Clock Pessimism Removal (CPR):    -0.000ns

    Location             Delay type                Incr(ns)  Path(ns)    Netlist Resource(s)
  -------------------------------------------------------------------    -------------------
                                                      0.000     0.000 r  runtime_threat_mask[1]
                         net (fo=0)                   0.515     0.515    runtime_threat_mask[1]
    SLICE_X2Y49          FDCE                                         r  sync_threat_reg1_reg[1]/D
  -------------------------------------------------------------------    -------------------

                         (clock sys_clk rise edge)    0.000     0.000 r  <hidden>
                                                      0.000     0.000 r  clk
                         net (fo=7, unset)            0.542     0.542    clk
    SLICE_X2Y49          FDCE                                         r  sync_threat_reg1_reg[1]/C

Slack:                    inf
  Source:                 reset_n
                            (input port)
  Destination:            sync_paradox_reg1_reg[0]/CLR
                            (removal check against rising-edge clock sys_clk  {rise@0.000ns fall@1.250ns period=2.500ns})
  Path Group:             (none)
  Path Type:              Removal (Min at Fast Process Corner)
  Data Path Delay:        0.812ns  (logic 0.062ns (7.634%)  route 0.750ns (92.366%))
  Logic Levels:           1  (LUT1=1)
  Clock Path Skew:        0.542ns (DCD - SCD - CPR)
    Destination Clock Delay (DCD):    0.542ns
    Source Clock Delay      (SCD):    0.000ns
    Clock Pessimism Removal (CPR):    -0.000ns

    Location             Delay type                Incr(ns)  Path(ns)    Netlist Resource(s)
  -------------------------------------------------------------------    -------------------
                                                      0.000     0.000 r  reset_n
                         net (fo=0)                   0.515     0.515    reset_n
    SLICE_X4Y49          LUT1 (Prop_lut1_I0_O)        0.062     0.577 f  r_latch_state_v1_i_2/O
                         net (fo=111, routed)         0.235     0.812    r_latch_state_v1_i_2_n_0
    SLICE_X5Y49          FDCE                                         f  sync_paradox_reg1_reg[0]/CLR
  -------------------------------------------------------------------    -------------------

                         (clock sys_clk rise edge)    0.000     0.000 r  <hidden>
                                                      0.000     0.000 r  clk
                         net (fo=7, unset)            0.542     0.542    clk
    SLICE_X5Y49          FDCE                                         r  sync_paradox_reg1_reg[0]/C

Slack:                    inf
  Source:                 reset_n
                            (input port)
  Destination:            sync_paradox_reg1_reg[1]/CLR
                            (removal check against rising-edge clock sys_clk  {rise@0.000ns fall@1.250ns period=2.500ns})
  Path Group:             (none)
  Path Type:              Removal (Min at Fast Process Corner)
  Data Path Delay:        0.812ns  (logic 0.062ns (7.634%)  route 0.750ns (92.366%))
  Logic Levels:           1  (LUT1=1)
  Clock Path Skew:        0.542ns (DCD - SCD - CPR)
    Destination Clock Delay (DCD):    0.542ns
    Source Clock Delay      (SCD):    0.000ns
    Clock Pessimism Removal (CPR):    -0.000ns

    Location             Delay type                Incr(ns)  Path(ns)    Netlist Resource(s)
  -------------------------------------------------------------------    -------------------
                                                      0.000     0.000 r  reset_n
                         net (fo=0)                   0.515     0.515    reset_n
    SLICE_X4Y49          LUT1 (Prop_lut1_I0_O)        0.062     0.577 f  r_latch_state_v1_i_2/O
                         net (fo=111, routed)         0.235     0.812    r_latch_state_v1_i_2_n_0
    SLICE_X5Y49          FDCE                                         f  sync_paradox_reg1_reg[1]/CLR
  -------------------------------------------------------------------    -------------------

                         (clock sys_clk rise edge)    0.000     0.000 r  <hidden>
                                                      0.000     0.000 r  clk
                         net (fo=7, unset)            0.542     0.542    clk
    SLICE_X5Y49          FDCE                                         r  sync_paradox_reg1_reg[1]/C

Slack:                    inf
  Source:                 reset_n
                            (input port)
  Destination:            sync_paradox_reg2_reg[0]/CLR
                            (removal check against rising-edge clock sys_clk  {rise@0.000ns fall@1.250ns period=2.500ns})
  Path Group:             (none)
  Path Type:              Removal (Min at Fast Process Corner)
  Data Path Delay:        0.812ns  (logic 0.062ns (7.634%)  route 0.750ns (92.366%))
  Logic Levels:           1  (LUT1=1)
  Clock Path Skew:        0.542ns (DCD - SCD - CPR)
    Destination Clock Delay (DCD):    0.542ns
    Source Clock Delay      (SCD):    0.000ns
    Clock Pessimism Removal (CPR):    -0.000ns

    Location             Delay type                Incr(ns)  Path(ns)    Netlist Resource(s)
  -------------------------------------------------------------------    -------------------
                                                      0.000     0.000 r  reset_n
                         net (fo=0)                   0.515     0.515    reset_n
    SLICE_X4Y49          LUT1 (Prop_lut1_I0_O)        0.062     0.577 f  r_latch_state_v1_i_2/O
                         net (fo=111, routed)         0.235     0.812    r_latch_state_v1_i_2_n_0
    SLICE_X5Y49          FDCE                                         f  sync_paradox_reg2_reg[0]/CLR
  -------------------------------------------------------------------    -------------------

                         (clock sys_clk rise edge)    0.000     0.000 r  <hidden>
                                                      0.000     0.000 r  clk
                         net (fo=7, unset)            0.542     0.542    clk
    SLICE_X5Y49          FDCE                                         r  sync_paradox_reg2_reg[0]/C

Slack:                    inf
  Source:                 reset_n
                            (input port)
  Destination:            sync_paradox_reg2_reg[1]/CLR
                            (removal check against rising-edge clock sys_clk  {rise@0.000ns fall@1.250ns period=2.500ns})
  Path Group:             (none)
  Path Type:              Removal (Min at Fast Process Corner)
  Data Path Delay:        0.812ns  (logic 0.062ns (7.634%)  route 0.750ns (92.366%))
  Logic Levels:           1  (LUT1=1)
  Clock Path Skew:        0.542ns (DCD - SCD - CPR)
    Destination Clock Delay (DCD):    0.542ns
    Source Clock Delay      (SCD):    0.000ns
    Clock Pessimism Removal (CPR):    -0.000ns

    Location             Delay type                Incr(ns)  Path(ns)    Netlist Resource(s)
  -------------------------------------------------------------------    -------------------
                                                      0.000     0.000 r  reset_n
                         net (fo=0)                   0.515     0.515    reset_n
    SLICE_X4Y49          LUT1 (Prop_lut1_I0_O)        0.062     0.577 f  r_latch_state_v1_i_2/O
                         net (fo=111, routed)         0.235     0.812    r_latch_state_v1_i_2_n_0
    SLICE_X5Y49          FDCE                                         f  sync_paradox_reg2_reg[1]/CLR
  -------------------------------------------------------------------    -------------------

                         (clock sys_clk rise edge)    0.000     0.000 r  <hidden>
                                                      0.000     0.000 r  clk
                         net (fo=7, unset)            0.542     0.542    clk
    SLICE_X5Y49          FDCE                                         r  sync_paradox_reg2_reg[1]/C

Slack:                    inf
  Source:                 reset_n
                            (input port)
  Destination:            sync_threat_reg1_reg[0]/CLR
                            (removal check against rising-edge clock sys_clk  {rise@0.000ns fall@1.250ns period=2.500ns})
  Path Group:             (none)
  Path Type:              Removal (Min at Fast Process Corner)
  Data Path Delay:        0.898ns  (logic 0.062ns (6.901%)  route 0.836ns (93.099%))
  Logic Levels:           1  (LUT1=1)
  Clock Path Skew:        0.542ns (DCD - SCD - CPR)
    Destination Clock Delay (DCD):    0.542ns
    Source Clock Delay      (SCD):    0.000ns
    Clock Pessimism Removal (CPR):    -0.000ns

    Location             Delay type                Incr(ns)  Path(ns)    Netlist Resource(s)
  -------------------------------------------------------------------    -------------------
                                                      0.000     0.000 r  reset_n
                         net (fo=0)                   0.515     0.515    reset_n
    SLICE_X4Y49          LUT1 (Prop_lut1_I0_O)        0.062     0.577 f  r_latch_state_v1_i_2/O
                         net (fo=111, routed)         0.322     0.898    r_latch_state_v1_i_2_n_0
    SLICE_X2Y49          FDCE                                         f  sync_threat_reg1_reg[0]/CLR
  -------------------------------------------------------------------    -------------------

                         (clock sys_clk rise edge)    0.000     0.000 r  <hidden>
                                                      0.000     0.000 r  clk
                         net (fo=7, unset)            0.542     0.542    clk
    SLICE_X2Y49          FDCE                                         r  sync_threat_reg1_reg[0]/C

Slack:                    inf
  Source:                 reset_n
                            (input port)
  Destination:            sync_threat_reg1_reg[1]/CLR
                            (removal check against rising-edge clock sys_clk  {rise@0.000ns fall@1.250ns period=2.500ns})
  Path Group:             (none)
  Path Type:              Removal (Min at Fast Process Corner)
  Data Path Delay:        0.898ns  (logic 0.062ns (6.901%)  route 0.836ns (93.099%))
  Logic Levels:           1  (LUT1=1)
  Clock Path Skew:        0.542ns (DCD - SCD - CPR)
    Destination Clock Delay (DCD):    0.542ns
    Source Clock Delay      (SCD):    0.000ns
    Clock Pessimism Removal (CPR):    -0.000ns

    Location             Delay type                Incr(ns)  Path(ns)    Netlist Resource(s)
  -------------------------------------------------------------------    -------------------
                                                      0.000     0.000 r  reset_n
                         net (fo=0)                   0.515     0.515    reset_n
    SLICE_X4Y49          LUT1 (Prop_lut1_I0_O)        0.062     0.577 f  r_latch_state_v1_i_2/O
                         net (fo=111, routed)         0.322     0.898    r_latch_state_v1_i_2_n_0
    SLICE_X2Y49          FDCE                                         f  sync_threat_reg1_reg[1]/CLR
  -------------------------------------------------------------------    -------------------

                         (clock sys_clk rise edge)    0.000     0.000 r  <hidden>
                                                      0.000     0.000 r  clk
                         net (fo=7, unset)            0.542     0.542    clk
    SLICE_X2Y49          FDCE                                         r  sync_threat_reg1_reg[1]/C





