Copyright 1986-2022 Xilinx, Inc. All Rights Reserved. Copyright 2022-2026 Advanced Micro Devices, Inc. All Rights Reserved.
---------------------------------------------------------------------------------------------------------------------------------------------------------------------------------------------------------------------------------------------------------------------
| Tool Version : Vivado v.2026.1 (win64) Build 6511674 Tue Jun 16 11:02:23 MDT 2026
| Date         : Sat Sep 26 00:16:14 2026
| Host         : PC1-2D running 64-bit major release  (build 9200)
| Command      : report_timing_summary -max_paths 10 -routable_nets -report_unconstrained -file reio_drive_hardware_timing_summary_routed.rpt -pb reio_drive_hardware_timing_summary_routed.pb -rpx reio_drive_hardware_timing_summary_routed.rpx -warn_on_violation
| Design       : reio_drive_hardware
| Device       : 7a35t-csg324
| Speed File   : -1  PRODUCTION 1.23 2018-06-13
| Design State : Routed
---------------------------------------------------------------------------------------------------------------------------------------------------------------------------------------------------------------------------------------------------------------------

Timing Summary Report

------------------------------------------------------------------------------------------------
| Timer Settings
| --------------
------------------------------------------------------------------------------------------------

  Enable Multi Corner Analysis               :  Yes
  Enable Pessimism Removal                   :  Yes
  Pessimism Removal Resolution               :  Nearest Common Node
  Enable Input Delay Default Clock           :  No
  Enable Preset / Clear Arcs                 :  No
  Disable Flight Delays                      :  No
  Ignore I/O Paths                           :  No
  Timing Early Launch at Borrowing Latches   :  No
  Borrow Time for Max Delay Exceptions       :  Yes
  Merge Timing Exceptions                    :  Yes
  Inter-SLR Compensation                     :  Conservative

  Corner  Analyze    Analyze    
  Name    Max Paths  Min Paths  
  ------  ---------  ---------  
  Slow    Yes        Yes        
  Fast    Yes        Yes        


------------------------------------------------------------------------------------------------
| Report Methodology
| ------------------
------------------------------------------------------------------------------------------------

Rule       Severity  Description                    Violations  
---------  --------  -----------------------------  ----------  
TIMING-18  Warning   Missing input or output delay  12          

Note: This report is based on the most recent report_methodology run and may not be up-to-date. Run report_methodology on the current design for the latest report.



check_timing report

Table of Contents
-----------------
1. checking no_clock (0)
2. checking constant_clock (0)
3. checking pulse_width_clock (0)
4. checking unconstrained_internal_endpoints (0)
5. checking no_input_delay (10)
6. checking no_output_delay (2)
7. checking multiple_clock (0)
8. checking generated_clocks (0)
9. checking loops (0)
10. checking partial_input_delay (0)
11. checking partial_output_delay (0)
12. checking latch_loops (0)

1. checking no_clock (0)
------------------------
 There are 0 register/latch pins with no clock.


2. checking constant_clock (0)
------------------------------
 There are 0 register/latch pins with constant_clock.


3. checking pulse_width_clock (0)
---------------------------------
 There are 0 register/latch pins which need pulse_width check


4. checking unconstrained_internal_endpoints (0)
------------------------------------------------
 There are 0 pins that are not constrained for maximum delay.

 There are 0 pins that are not constrained for maximum delay due to constant clock.


5. checking no_input_delay (10)
-------------------------------
 There are 10 input ports with no input delay specified. (HIGH)

 There are 0 input ports with no input delay but user has a false path constraint.


6. checking no_output_delay (2)
-------------------------------
 There are 2 ports with no output delay specified. (HIGH)

 There are 0 ports with no output delay but user has a false path constraint

 There are 0 ports with no output delay but with a timing clock defined on it or propagating through it


7. checking multiple_clock (0)
------------------------------
 There are 0 register/latch pins with multiple clocks.


8. checking generated_clocks (0)
--------------------------------
 There are 0 generated clocks that are not connected to a clock source.


9. checking loops (0)
---------------------
 There are 0 combinational loops in the design.


10. checking partial_input_delay (0)
------------------------------------
 There are 0 input ports with partial input delay specified.


11. checking partial_output_delay (0)
-------------------------------------
 There are 0 ports with partial output delay specified.


12. checking latch_loops (0)
----------------------------
 There are 0 combinational latch loops in the design through latch input



------------------------------------------------------------------------------------------------
| Design Timing Summary
| ---------------------
------------------------------------------------------------------------------------------------

    WNS(ns)      TNS(ns)  TNS Failing Endpoints  TNS Total Endpoints      WHS(ns)      THS(ns)  THS Failing Endpoints  THS Total Endpoints     WPWS(ns)     TPWS(ns)  TPWS Failing Endpoints  TPWS Total Endpoints  
    -------      -------  ---------------------  -------------------      -------      -------  ---------------------  -------------------     --------     --------  ----------------------  --------------------  
      7.606        0.000                      0                    7        0.279        0.000                      0                    7        4.500        0.000                       0                     5  


All user specified timing constraints are met.


------------------------------------------------------------------------------------------------
| Clock Summary
| -------------
------------------------------------------------------------------------------------------------

Clock  Waveform(ns)       Period(ns)      Frequency(MHz)
-----  ------------       ----------      --------------
clk    {0.000 5.000}      10.000          100.000         


------------------------------------------------------------------------------------------------
| Intra Clock Table
| -----------------
------------------------------------------------------------------------------------------------

Clock             WNS(ns)      TNS(ns)  TNS Failing Endpoints  TNS Total Endpoints      WHS(ns)      THS(ns)  THS Failing Endpoints  THS Total Endpoints     WPWS(ns)     TPWS(ns)  TPWS Failing Endpoints  TPWS Total Endpoints  
-----             -------      -------  ---------------------  -------------------      -------      -------  ---------------------  -------------------     --------     --------  ----------------------  --------------------  
clk                 7.606        0.000                      0                    7        0.279        0.000                      0                    7        4.500        0.000                       0                     5  


------------------------------------------------------------------------------------------------
| Inter Clock Table
| -----------------
------------------------------------------------------------------------------------------------

From Clock    To Clock          WNS(ns)      TNS(ns)  TNS Failing Endpoints  TNS Total Endpoints      WHS(ns)      THS(ns)  THS Failing Endpoints  THS Total Endpoints  
----------    --------          -------      -------  ---------------------  -------------------      -------      -------  ---------------------  -------------------  


------------------------------------------------------------------------------------------------
| Other Path Groups Table
| -----------------------
------------------------------------------------------------------------------------------------

Path Group    From Clock    To Clock          WNS(ns)      TNS(ns)  TNS Failing Endpoints  TNS Total Endpoints      WHS(ns)      THS(ns)  THS Failing Endpoints  THS Total Endpoints  
----------    ----------    --------          -------      -------  ---------------------  -------------------      -------      -------  ---------------------  -------------------  


------------------------------------------------------------------------------------------------
| User Ignored Path Table
| -----------------------
------------------------------------------------------------------------------------------------

Path Group    From Clock    To Clock    
----------    ----------    --------    


------------------------------------------------------------------------------------------------
| Unconstrained Path Table
| ------------------------
------------------------------------------------------------------------------------------------

Path Group    From Clock    To Clock    
----------    ----------    --------    
(none)        clk                         
(none)                      clk           


------------------------------------------------------------------------------------------------
| Timing Details
| --------------
------------------------------------------------------------------------------------------------


---------------------------------------------------------------------------------------------------
From Clock:  clk
  To Clock:  clk

Setup :            0  Failing Endpoints,  Worst Slack        7.606ns,  Total Violation        0.000ns
Hold  :            0  Failing Endpoints,  Worst Slack        0.279ns,  Total Violation        0.000ns
PW    :            0  Failing Endpoints,  Worst Slack        4.500ns,  Total Violation        0.000ns
---------------------------------------------------------------------------------------------------


Max Delay Paths
--------------------------------------------------------------------------------------
Slack (MET) :             7.606ns  (required time - arrival time)
  Source:                 compteur_stabilite_reg[1]/C
                            (rising edge-triggered cell FDRE clocked by clk  {rise@0.000ns fall@5.000ns period=10.000ns})
  Destination:            reg_secours_reg/S
                            (rising edge-triggered cell FDSE clocked by clk  {rise@0.000ns fall@5.000ns period=10.000ns})
  Path Group:             clk
  Path Type:              Setup (Max at Slow Process Corner)
  Requirement:            10.000ns  (clk rise@10.000ns - clk rise@0.000ns)
  Data Path Delay:        1.905ns  (logic 0.580ns (30.452%)  route 1.325ns (69.548%))
  Logic Levels:           1  (LUT6=1)
  Clock Path Skew:        -0.025ns (DCD - SCD + CPR)
    Destination Clock Delay (DCD):    5.300ns = ( 15.300 - 10.000 ) 
    Source Clock Delay      (SCD):    5.861ns
    Clock Pessimism Removal (CPR):    0.536ns
  Clock Uncertainty:      0.035ns  ((TSJ^2 + TIJ^2)^1/2 + DJ) / 2 + PE
    Total System Jitter     (TSJ):    0.071ns
    Total Input Jitter      (TIJ):    0.000ns
    Discrete Jitter          (DJ):    0.000ns
    Phase Error              (PE):    0.000ns

    Location             Delay type                Incr(ns)  Path(ns)    Netlist Resource(s)
  -------------------------------------------------------------------    -------------------
                         (clock clk rise edge)        0.000     0.000 r  <hidden>
    R10                                               0.000     0.000 r  clk
                         net (fo=0)                   0.000     0.000    clk
    R10                  IBUF (Prop_ibuf_I_O)         1.481     1.481 r  clk_IBUF_inst/O
                         net (fo=1, routed)           2.663     4.144    clk_IBUF
    BUFGCTRL_X0Y0        BUFG (Prop_bufg_I_O)         0.096     4.240 r  clk_IBUF_BUFG_inst/O
                         net (fo=4, routed)           1.621     5.861    clk_IBUF_BUFG
    SLICE_X0Y64          FDRE                                         r  compteur_stabilite_reg[1]/C
  -------------------------------------------------------------------    -------------------
    SLICE_X0Y64          FDRE (Prop_fdre_C_Q)         0.456     6.317 r  compteur_stabilite_reg[1]/Q
                         net (fo=4, routed)           0.839     7.156    compteur_stabilite[1]
    SLICE_X0Y64          LUT6 (Prop_lut6_I1_O)        0.124     7.280 r  reg_statut_i_1/O
                         net (fo=2, routed)           0.485     7.765    reg_secours
    SLICE_X0Y63          FDSE                                         r  reg_secours_reg/S
  -------------------------------------------------------------------    -------------------

                         (clock clk rise edge)       10.000    10.000 r  <hidden>
    R10                                               0.000    10.000 r  clk
                         net (fo=0)                   0.000    10.000    clk
    R10                  IBUF (Prop_ibuf_I_O)         1.410    11.410 r  clk_IBUF_inst/O
                         net (fo=1, routed)           2.295    13.705    clk_IBUF
    BUFGCTRL_X0Y0        BUFG (Prop_bufg_I_O)         0.091    13.796 r  clk_IBUF_BUFG_inst/O
                         net (fo=4, routed)           1.504    15.300    clk_IBUF_BUFG
    SLICE_X0Y63          FDSE                                         r  reg_secours_reg/C
                         clock pessimism              0.536    15.836    <hidden>
                         clock uncertainty           -0.035    15.800    <hidden>
    SLICE_X0Y63          FDSE (Setup_fdse_C_S)       -0.429    15.371    reg_secours_reg
  -------------------------------------------------------------------
                         required time                         15.371    <hidden>
                         arrival time                          -7.765    <hidden>
  -------------------------------------------------------------------
                         slack                                  7.606    <hidden>

Slack (MET) :             7.606ns  (required time - arrival time)
  Source:                 compteur_stabilite_reg[1]/C
                            (rising edge-triggered cell FDRE clocked by clk  {rise@0.000ns fall@5.000ns period=10.000ns})
  Destination:            reg_statut_reg/R
                            (rising edge-triggered cell FDRE clocked by clk  {rise@0.000ns fall@5.000ns period=10.000ns})
  Path Group:             clk
  Path Type:              Setup (Max at Slow Process Corner)
  Requirement:            10.000ns  (clk rise@10.000ns - clk rise@0.000ns)
  Data Path Delay:        1.905ns  (logic 0.580ns (30.452%)  route 1.325ns (69.548%))
  Logic Levels:           1  (LUT6=1)
  Clock Path Skew:        -0.025ns (DCD - SCD + CPR)
    Destination Clock Delay (DCD):    5.300ns = ( 15.300 - 10.000 ) 
    Source Clock Delay      (SCD):    5.861ns
    Clock Pessimism Removal (CPR):    0.536ns
  Clock Uncertainty:      0.035ns  ((TSJ^2 + TIJ^2)^1/2 + DJ) / 2 + PE
    Total System Jitter     (TSJ):    0.071ns
    Total Input Jitter      (TIJ):    0.000ns
    Discrete Jitter          (DJ):    0.000ns
    Phase Error              (PE):    0.000ns

    Location             Delay type                Incr(ns)  Path(ns)    Netlist Resource(s)
  -------------------------------------------------------------------    -------------------
                         (clock clk rise edge)        0.000     0.000 r  <hidden>
    R10                                               0.000     0.000 r  clk
                         net (fo=0)                   0.000     0.000    clk
    R10                  IBUF (Prop_ibuf_I_O)         1.481     1.481 r  clk_IBUF_inst/O
                         net (fo=1, routed)           2.663     4.144    clk_IBUF
    BUFGCTRL_X0Y0        BUFG (Prop_bufg_I_O)         0.096     4.240 r  clk_IBUF_BUFG_inst/O
                         net (fo=4, routed)           1.621     5.861    clk_IBUF_BUFG
    SLICE_X0Y64          FDRE                                         r  compteur_stabilite_reg[1]/C
  -------------------------------------------------------------------    -------------------
    SLICE_X0Y64          FDRE (Prop_fdre_C_Q)         0.456     6.317 r  compteur_stabilite_reg[1]/Q
                         net (fo=4, routed)           0.839     7.156    compteur_stabilite[1]
    SLICE_X0Y64          LUT6 (Prop_lut6_I1_O)        0.124     7.280 r  reg_statut_i_1/O
                         net (fo=2, routed)           0.485     7.765    reg_secours
    SLICE_X0Y63          FDRE                                         r  reg_statut_reg/R
  -------------------------------------------------------------------    -------------------

                         (clock clk rise edge)       10.000    10.000 r  <hidden>
    R10                                               0.000    10.000 r  clk
                         net (fo=0)                   0.000    10.000    clk
    R10                  IBUF (Prop_ibuf_I_O)         1.410    11.410 r  clk_IBUF_inst/O
                         net (fo=1, routed)           2.295    13.705    clk_IBUF
    BUFGCTRL_X0Y0        BUFG (Prop_bufg_I_O)         0.091    13.796 r  clk_IBUF_BUFG_inst/O
                         net (fo=4, routed)           1.504    15.300    clk_IBUF_BUFG
    SLICE_X0Y63          FDRE                                         r  reg_statut_reg/C
                         clock pessimism              0.536    15.836    <hidden>
                         clock uncertainty           -0.035    15.800    <hidden>
    SLICE_X0Y63          FDRE (Setup_fdre_C_R)       -0.429    15.371    reg_statut_reg
  -------------------------------------------------------------------
                         required time                         15.371    <hidden>
                         arrival time                          -7.765    <hidden>
  -------------------------------------------------------------------
                         slack                                  7.606    <hidden>

Slack (MET) :             7.954ns  (required time - arrival time)
  Source:                 compteur_stabilite_reg[1]/C
                            (rising edge-triggered cell FDRE clocked by clk  {rise@0.000ns fall@5.000ns period=10.000ns})
  Destination:            reg_secours_reg/CE
                            (rising edge-triggered cell FDSE clocked by clk  {rise@0.000ns fall@5.000ns period=10.000ns})
  Path Group:             clk
  Path Type:              Setup (Max at Slow Process Corner)
  Requirement:            10.000ns  (clk rise@10.000ns - clk rise@0.000ns)
  Data Path Delay:        1.781ns  (logic 0.580ns (32.566%)  route 1.201ns (67.434%))
  Logic Levels:           1  (LUT5=1)
  Clock Path Skew:        -0.025ns (DCD - SCD + CPR)
    Destination Clock Delay (DCD):    5.300ns = ( 15.300 - 10.000 ) 
    Source Clock Delay      (SCD):    5.861ns
    Clock Pessimism Removal (CPR):    0.536ns
  Clock Uncertainty:      0.035ns  ((TSJ^2 + TIJ^2)^1/2 + DJ) / 2 + PE
    Total System Jitter     (TSJ):    0.071ns
    Total Input Jitter      (TIJ):    0.000ns
    Discrete Jitter          (DJ):    0.000ns
    Phase Error              (PE):    0.000ns

    Location             Delay type                Incr(ns)  Path(ns)    Netlist Resource(s)
  -------------------------------------------------------------------    -------------------
                         (clock clk rise edge)        0.000     0.000 r  <hidden>
    R10                                               0.000     0.000 r  clk
                         net (fo=0)                   0.000     0.000    clk
    R10                  IBUF (Prop_ibuf_I_O)         1.481     1.481 r  clk_IBUF_inst/O
                         net (fo=1, routed)           2.663     4.144    clk_IBUF
    BUFGCTRL_X0Y0        BUFG (Prop_bufg_I_O)         0.096     4.240 r  clk_IBUF_BUFG_inst/O
                         net (fo=4, routed)           1.621     5.861    clk_IBUF_BUFG
    SLICE_X0Y64          FDRE                                         r  compteur_stabilite_reg[1]/C
  -------------------------------------------------------------------    -------------------
    SLICE_X0Y64          FDRE (Prop_fdre_C_Q)         0.456     6.317 f  compteur_stabilite_reg[1]/Q
                         net (fo=4, routed)           0.671     6.988    compteur_stabilite[1]
    SLICE_X0Y64          LUT5 (Prop_lut5_I1_O)        0.124     7.112 r  reg_statut_i_2/O
                         net (fo=3, routed)           0.530     7.642    reg_statut_i_2_n_0
    SLICE_X0Y63          FDSE                                         r  reg_secours_reg/CE
  -------------------------------------------------------------------    -------------------

                         (clock clk rise edge)       10.000    10.000 r  <hidden>
    R10                                               0.000    10.000 r  clk
                         net (fo=0)                   0.000    10.000    clk
    R10                  IBUF (Prop_ibuf_I_O)         1.410    11.410 r  clk_IBUF_inst/O
                         net (fo=1, routed)           2.295    13.705    clk_IBUF
    BUFGCTRL_X0Y0        BUFG (Prop_bufg_I_O)         0.091    13.796 r  clk_IBUF_BUFG_inst/O
                         net (fo=4, routed)           1.504    15.300    clk_IBUF_BUFG
    SLICE_X0Y63          FDSE                                         r  reg_secours_reg/C
                         clock pessimism              0.536    15.836    <hidden>
                         clock uncertainty           -0.035    15.800    <hidden>
    SLICE_X0Y63          FDSE (Setup_fdse_C_CE)      -0.205    15.595    reg_secours_reg
  -------------------------------------------------------------------
                         required time                         15.595    <hidden>
                         arrival time                          -7.642    <hidden>
  -------------------------------------------------------------------
                         slack                                  7.954    <hidden>

Slack (MET) :             7.954ns  (required time - arrival time)
  Source:                 compteur_stabilite_reg[1]/C
                            (rising edge-triggered cell FDRE clocked by clk  {rise@0.000ns fall@5.000ns period=10.000ns})
  Destination:            reg_statut_reg/CE
                            (rising edge-triggered cell FDRE clocked by clk  {rise@0.000ns fall@5.000ns period=10.000ns})
  Path Group:             clk
  Path Type:              Setup (Max at Slow Process Corner)
  Requirement:            10.000ns  (clk rise@10.000ns - clk rise@0.000ns)
  Data Path Delay:        1.781ns  (logic 0.580ns (32.566%)  route 1.201ns (67.434%))
  Logic Levels:           1  (LUT5=1)
  Clock Path Skew:        -0.025ns (DCD - SCD + CPR)
    Destination Clock Delay (DCD):    5.300ns = ( 15.300 - 10.000 ) 
    Source Clock Delay      (SCD):    5.861ns
    Clock Pessimism Removal (CPR):    0.536ns
  Clock Uncertainty:      0.035ns  ((TSJ^2 + TIJ^2)^1/2 + DJ) / 2 + PE
    Total System Jitter     (TSJ):    0.071ns
    Total Input Jitter      (TIJ):    0.000ns
    Discrete Jitter          (DJ):    0.000ns
    Phase Error              (PE):    0.000ns

    Location             Delay type                Incr(ns)  Path(ns)    Netlist Resource(s)
  -------------------------------------------------------------------    -------------------
                         (clock clk rise edge)        0.000     0.000 r  <hidden>
    R10                                               0.000     0.000 r  clk
                         net (fo=0)                   0.000     0.000    clk
    R10                  IBUF (Prop_ibuf_I_O)         1.481     1.481 r  clk_IBUF_inst/O
                         net (fo=1, routed)           2.663     4.144    clk_IBUF
    BUFGCTRL_X0Y0        BUFG (Prop_bufg_I_O)         0.096     4.240 r  clk_IBUF_BUFG_inst/O
                         net (fo=4, routed)           1.621     5.861    clk_IBUF_BUFG
    SLICE_X0Y64          FDRE                                         r  compteur_stabilite_reg[1]/C
  -------------------------------------------------------------------    -------------------
    SLICE_X0Y64          FDRE (Prop_fdre_C_Q)         0.456     6.317 f  compteur_stabilite_reg[1]/Q
                         net (fo=4, routed)           0.671     6.988    compteur_stabilite[1]
    SLICE_X0Y64          LUT5 (Prop_lut5_I1_O)        0.124     7.112 r  reg_statut_i_2/O
                         net (fo=3, routed)           0.530     7.642    reg_statut_i_2_n_0
    SLICE_X0Y63          FDRE                                         r  reg_statut_reg/CE
  -------------------------------------------------------------------    -------------------

                         (clock clk rise edge)       10.000    10.000 r  <hidden>
    R10                                               0.000    10.000 r  clk
                         net (fo=0)                   0.000    10.000    clk
    R10                  IBUF (Prop_ibuf_I_O)         1.410    11.410 r  clk_IBUF_inst/O
                         net (fo=1, routed)           2.295    13.705    clk_IBUF
    BUFGCTRL_X0Y0        BUFG (Prop_bufg_I_O)         0.091    13.796 r  clk_IBUF_BUFG_inst/O
                         net (fo=4, routed)           1.504    15.300    clk_IBUF_BUFG
    SLICE_X0Y63          FDRE                                         r  reg_statut_reg/C
                         clock pessimism              0.536    15.836    <hidden>
                         clock uncertainty           -0.035    15.800    <hidden>
    SLICE_X0Y63          FDRE (Setup_fdre_C_CE)      -0.205    15.595    reg_statut_reg
  -------------------------------------------------------------------
                         required time                         15.595    <hidden>
                         arrival time                          -7.642    <hidden>
  -------------------------------------------------------------------
                         slack                                  7.954    <hidden>

Slack (MET) :             8.126ns  (required time - arrival time)
  Source:                 compteur_stabilite_reg[1]/C
                            (rising edge-triggered cell FDRE clocked by clk  {rise@0.000ns fall@5.000ns period=10.000ns})
  Destination:            reg_statut_reg/D
                            (rising edge-triggered cell FDRE clocked by clk  {rise@0.000ns fall@5.000ns period=10.000ns})
  Path Group:             clk
  Path Type:              Setup (Max at Slow Process Corner)
  Requirement:            10.000ns  (clk rise@10.000ns - clk rise@0.000ns)
  Data Path Delay:        1.733ns  (logic 0.580ns (33.476%)  route 1.153ns (66.524%))
  Logic Levels:           1  (LUT5=1)
  Clock Path Skew:        -0.025ns (DCD - SCD + CPR)
    Destination Clock Delay (DCD):    5.300ns = ( 15.300 - 10.000 ) 
    Source Clock Delay      (SCD):    5.861ns
    Clock Pessimism Removal (CPR):    0.536ns
  Clock Uncertainty:      0.035ns  ((TSJ^2 + TIJ^2)^1/2 + DJ) / 2 + PE
    Total System Jitter     (TSJ):    0.071ns
    Total Input Jitter      (TIJ):    0.000ns
    Discrete Jitter          (DJ):    0.000ns
    Phase Error              (PE):    0.000ns

    Location             Delay type                Incr(ns)  Path(ns)    Netlist Resource(s)
  -------------------------------------------------------------------    -------------------
                         (clock clk rise edge)        0.000     0.000 r  <hidden>
    R10                                               0.000     0.000 r  clk
                         net (fo=0)                   0.000     0.000    clk
    R10                  IBUF (Prop_ibuf_I_O)         1.481     1.481 r  clk_IBUF_inst/O
                         net (fo=1, routed)           2.663     4.144    clk_IBUF
    BUFGCTRL_X0Y0        BUFG (Prop_bufg_I_O)         0.096     4.240 r  clk_IBUF_BUFG_inst/O
                         net (fo=4, routed)           1.621     5.861    clk_IBUF_BUFG
    SLICE_X0Y64          FDRE                                         r  compteur_stabilite_reg[1]/C
  -------------------------------------------------------------------    -------------------
    SLICE_X0Y64          FDRE (Prop_fdre_C_Q)         0.456     6.317 f  compteur_stabilite_reg[1]/Q
                         net (fo=4, routed)           0.671     6.988    compteur_stabilite[1]
    SLICE_X0Y64          LUT5 (Prop_lut5_I1_O)        0.124     7.112 r  reg_statut_i_2/O
                         net (fo=3, routed)           0.482     7.593    reg_statut_i_2_n_0
    SLICE_X0Y63          FDRE                                         r  reg_statut_reg/D
  -------------------------------------------------------------------    -------------------

                         (clock clk rise edge)       10.000    10.000 r  <hidden>
    R10                                               0.000    10.000 r  clk
                         net (fo=0)                   0.000    10.000    clk
    R10                  IBUF (Prop_ibuf_I_O)         1.410    11.410 r  clk_IBUF_inst/O
                         net (fo=1, routed)           2.295    13.705    clk_IBUF
    BUFGCTRL_X0Y0        BUFG (Prop_bufg_I_O)         0.091    13.796 r  clk_IBUF_BUFG_inst/O
                         net (fo=4, routed)           1.504    15.300    clk_IBUF_BUFG
    SLICE_X0Y63          FDRE                                         r  reg_statut_reg/C
                         clock pessimism              0.536    15.836    <hidden>
                         clock uncertainty           -0.035    15.800    <hidden>
    SLICE_X0Y63          FDRE (Setup_fdre_C_D)       -0.081    15.719    reg_statut_reg
  -------------------------------------------------------------------
                         required time                         15.719    <hidden>
                         arrival time                          -7.593    <hidden>
  -------------------------------------------------------------------
                         slack                                  8.126    <hidden>

Slack (MET) :             8.733ns  (required time - arrival time)
  Source:                 compteur_stabilite_reg[0]/C
                            (rising edge-triggered cell FDRE clocked by clk  {rise@0.000ns fall@5.000ns period=10.000ns})
  Destination:            compteur_stabilite_reg[0]/D
                            (rising edge-triggered cell FDRE clocked by clk  {rise@0.000ns fall@5.000ns period=10.000ns})
  Path Group:             clk
  Path Type:              Setup (Max at Slow Process Corner)
  Requirement:            10.000ns  (clk rise@10.000ns - clk rise@0.000ns)
  Data Path Delay:        1.263ns  (logic 0.580ns (45.936%)  route 0.683ns (54.064%))
  Logic Levels:           1  (LUT6=1)
  Clock Path Skew:        0.000ns (DCD - SCD + CPR)
    Destination Clock Delay (DCD):    5.300ns = ( 15.300 - 10.000 ) 
    Source Clock Delay      (SCD):    5.861ns
    Clock Pessimism Removal (CPR):    0.561ns
  Clock Uncertainty:      0.035ns  ((TSJ^2 + TIJ^2)^1/2 + DJ) / 2 + PE
    Total System Jitter     (TSJ):    0.071ns
    Total Input Jitter      (TIJ):    0.000ns
    Discrete Jitter          (DJ):    0.000ns
    Phase Error              (PE):    0.000ns

    Location             Delay type                Incr(ns)  Path(ns)    Netlist Resource(s)
  -------------------------------------------------------------------    -------------------
                         (clock clk rise edge)        0.000     0.000 r  <hidden>
    R10                                               0.000     0.000 r  clk
                         net (fo=0)                   0.000     0.000    clk
    R10                  IBUF (Prop_ibuf_I_O)         1.481     1.481 r  clk_IBUF_inst/O
                         net (fo=1, routed)           2.663     4.144    clk_IBUF
    BUFGCTRL_X0Y0        BUFG (Prop_bufg_I_O)         0.096     4.240 r  clk_IBUF_BUFG_inst/O
                         net (fo=4, routed)           1.621     5.861    clk_IBUF_BUFG
    SLICE_X0Y64          FDRE                                         r  compteur_stabilite_reg[0]/C
  -------------------------------------------------------------------    -------------------
    SLICE_X0Y64          FDRE (Prop_fdre_C_Q)         0.456     6.317 f  compteur_stabilite_reg[0]/Q
                         net (fo=4, routed)           0.683     6.999    compteur_stabilite[0]
    SLICE_X0Y64          LUT6 (Prop_lut6_I0_O)        0.124     7.123 r  compteur_stabilite[0]_i_1/O
                         net (fo=1, routed)           0.000     7.123    compteur_stabilite[0]_i_1_n_0
    SLICE_X0Y64          FDRE                                         r  compteur_stabilite_reg[0]/D
  -------------------------------------------------------------------    -------------------

                         (clock clk rise edge)       10.000    10.000 r  <hidden>
    R10                                               0.000    10.000 r  clk
                         net (fo=0)                   0.000    10.000    clk
    R10                  IBUF (Prop_ibuf_I_O)         1.410    11.410 r  clk_IBUF_inst/O
                         net (fo=1, routed)           2.295    13.705    clk_IBUF
    BUFGCTRL_X0Y0        BUFG (Prop_bufg_I_O)         0.091    13.796 r  clk_IBUF_BUFG_inst/O
                         net (fo=4, routed)           1.504    15.300    clk_IBUF_BUFG
    SLICE_X0Y64          FDRE                                         r  compteur_stabilite_reg[0]/C
                         clock pessimism              0.561    15.861    <hidden>
                         clock uncertainty           -0.035    15.825    <hidden>
    SLICE_X0Y64          FDRE (Setup_fdre_C_D)        0.031    15.856    compteur_stabilite_reg[0]
  -------------------------------------------------------------------
                         required time                         15.856    <hidden>
                         arrival time                          -7.123    <hidden>
  -------------------------------------------------------------------
                         slack                                  8.733    <hidden>

Slack (MET) :             8.734ns  (required time - arrival time)
  Source:                 compteur_stabilite_reg[0]/C
                            (rising edge-triggered cell FDRE clocked by clk  {rise@0.000ns fall@5.000ns period=10.000ns})
  Destination:            compteur_stabilite_reg[1]/D
                            (rising edge-triggered cell FDRE clocked by clk  {rise@0.000ns fall@5.000ns period=10.000ns})
  Path Group:             clk
  Path Type:              Setup (Max at Slow Process Corner)
  Requirement:            10.000ns  (clk rise@10.000ns - clk rise@0.000ns)
  Data Path Delay:        1.260ns  (logic 0.580ns (46.034%)  route 0.680ns (53.966%))
  Logic Levels:           1  (LUT6=1)
  Clock Path Skew:        0.000ns (DCD - SCD + CPR)
    Destination Clock Delay (DCD):    5.300ns = ( 15.300 - 10.000 ) 
    Source Clock Delay      (SCD):    5.861ns
    Clock Pessimism Removal (CPR):    0.561ns
  Clock Uncertainty:      0.035ns  ((TSJ^2 + TIJ^2)^1/2 + DJ) / 2 + PE
    Total System Jitter     (TSJ):    0.071ns
    Total Input Jitter      (TIJ):    0.000ns
    Discrete Jitter          (DJ):    0.000ns
    Phase Error              (PE):    0.000ns

    Location             Delay type                Incr(ns)  Path(ns)    Netlist Resource(s)
  -------------------------------------------------------------------    -------------------
                         (clock clk rise edge)        0.000     0.000 r  <hidden>
    R10                                               0.000     0.000 r  clk
                         net (fo=0)                   0.000     0.000    clk
    R10                  IBUF (Prop_ibuf_I_O)         1.481     1.481 r  clk_IBUF_inst/O
                         net (fo=1, routed)           2.663     4.144    clk_IBUF
    BUFGCTRL_X0Y0        BUFG (Prop_bufg_I_O)         0.096     4.240 r  clk_IBUF_BUFG_inst/O
                         net (fo=4, routed)           1.621     5.861    clk_IBUF_BUFG
    SLICE_X0Y64          FDRE                                         r  compteur_stabilite_reg[0]/C
  -------------------------------------------------------------------    -------------------
    SLICE_X0Y64          FDRE (Prop_fdre_C_Q)         0.456     6.317 r  compteur_stabilite_reg[0]/Q
                         net (fo=4, routed)           0.680     6.997    compteur_stabilite[0]
    SLICE_X0Y64          LUT6 (Prop_lut6_I0_O)        0.124     7.121 r  compteur_stabilite[1]_i_1/O
                         net (fo=1, routed)           0.000     7.121    compteur_stabilite[1]_i_1_n_0
    SLICE_X0Y64          FDRE                                         r  compteur_stabilite_reg[1]/D
  -------------------------------------------------------------------    -------------------

                         (clock clk rise edge)       10.000    10.000 r  <hidden>
    R10                                               0.000    10.000 r  clk
                         net (fo=0)                   0.000    10.000    clk
    R10                  IBUF (Prop_ibuf_I_O)         1.410    11.410 r  clk_IBUF_inst/O
                         net (fo=1, routed)           2.295    13.705    clk_IBUF
    BUFGCTRL_X0Y0        BUFG (Prop_bufg_I_O)         0.091    13.796 r  clk_IBUF_BUFG_inst/O
                         net (fo=4, routed)           1.504    15.300    clk_IBUF_BUFG
    SLICE_X0Y64          FDRE                                         r  compteur_stabilite_reg[1]/C
                         clock pessimism              0.561    15.861    <hidden>
                         clock uncertainty           -0.035    15.825    <hidden>
    SLICE_X0Y64          FDRE (Setup_fdre_C_D)        0.029    15.854    compteur_stabilite_reg[1]
  -------------------------------------------------------------------
                         required time                         15.854    <hidden>
                         arrival time                          -7.121    <hidden>
  -------------------------------------------------------------------
                         slack                                  8.734    <hidden>





Min Delay Paths
--------------------------------------------------------------------------------------
Slack (MET) :             0.279ns  (arrival time - required time)
  Source:                 compteur_stabilite_reg[1]/C
                            (rising edge-triggered cell FDRE clocked by clk  {rise@0.000ns fall@5.000ns period=10.000ns})
  Destination:            compteur_stabilite_reg[0]/D
                            (rising edge-triggered cell FDRE clocked by clk  {rise@0.000ns fall@5.000ns period=10.000ns})
  Path Group:             clk
  Path Type:              Hold (Min at Fast Process Corner)
  Requirement:            0.000ns  (clk rise@0.000ns - clk rise@0.000ns)
  Data Path Delay:        0.371ns  (logic 0.186ns (50.146%)  route 0.185ns (49.854%))
  Logic Levels:           1  (LUT6=1)
  Clock Path Skew:        0.000ns (DCD - SCD - CPR)
    Destination Clock Delay (DCD):    2.614ns
    Source Clock Delay      (SCD):    1.981ns
    Clock Pessimism Removal (CPR):    0.633ns

    Location             Delay type                Incr(ns)  Path(ns)    Netlist Resource(s)
  -------------------------------------------------------------------    -------------------
                         (clock clk rise edge)        0.000     0.000 r  <hidden>
    R10                                               0.000     0.000 r  clk
                         net (fo=0)                   0.000     0.000    clk
    R10                  IBUF (Prop_ibuf_I_O)         0.249     0.249 r  clk_IBUF_inst/O
                         net (fo=1, routed)           1.118     1.366    clk_IBUF
    BUFGCTRL_X0Y0        BUFG (Prop_bufg_I_O)         0.026     1.392 r  clk_IBUF_BUFG_inst/O
                         net (fo=4, routed)           0.589     1.981    clk_IBUF_BUFG
    SLICE_X0Y64          FDRE                                         r  compteur_stabilite_reg[1]/C
  -------------------------------------------------------------------    -------------------
    SLICE_X0Y64          FDRE (Prop_fdre_C_Q)         0.141     2.122 r  compteur_stabilite_reg[1]/Q
                         net (fo=4, routed)           0.185     2.307    compteur_stabilite[1]
    SLICE_X0Y64          LUT6 (Prop_lut6_I1_O)        0.045     2.352 r  compteur_stabilite[0]_i_1/O
                         net (fo=1, routed)           0.000     2.352    compteur_stabilite[0]_i_1_n_0
    SLICE_X0Y64          FDRE                                         r  compteur_stabilite_reg[0]/D
  -------------------------------------------------------------------    -------------------

                         (clock clk rise edge)        0.000     0.000 r  <hidden>
    R10                                               0.000     0.000 r  clk
                         net (fo=0)                   0.000     0.000    clk
    R10                  IBUF (Prop_ibuf_I_O)         0.436     0.436 r  clk_IBUF_inst/O
                         net (fo=1, routed)           1.290     1.726    clk_IBUF
    BUFGCTRL_X0Y0        BUFG (Prop_bufg_I_O)         0.029     1.755 r  clk_IBUF_BUFG_inst/O
                         net (fo=4, routed)           0.858     2.614    clk_IBUF_BUFG
    SLICE_X0Y64          FDRE                                         r  compteur_stabilite_reg[0]/C
                         clock pessimism             -0.633     1.981    <hidden>
    SLICE_X0Y64          FDRE (Hold_fdre_C_D)         0.092     2.073    compteur_stabilite_reg[0]
  -------------------------------------------------------------------
                         required time                         -2.073    <hidden>
                         arrival time                           2.352    <hidden>
  -------------------------------------------------------------------
                         slack                                  0.279    <hidden>

Slack (MET) :             0.291ns  (arrival time - required time)
  Source:                 compteur_stabilite_reg[1]/C
                            (rising edge-triggered cell FDRE clocked by clk  {rise@0.000ns fall@5.000ns period=10.000ns})
  Destination:            compteur_stabilite_reg[1]/D
                            (rising edge-triggered cell FDRE clocked by clk  {rise@0.000ns fall@5.000ns period=10.000ns})
  Path Group:             clk
  Path Type:              Hold (Min at Fast Process Corner)
  Requirement:            0.000ns  (clk rise@0.000ns - clk rise@0.000ns)
  Data Path Delay:        0.382ns  (logic 0.186ns (48.712%)  route 0.196ns (51.288%))
  Logic Levels:           1  (LUT6=1)
  Clock Path Skew:        0.000ns (DCD - SCD - CPR)
    Destination Clock Delay (DCD):    2.614ns
    Source Clock Delay      (SCD):    1.981ns
    Clock Pessimism Removal (CPR):    0.633ns

    Location             Delay type                Incr(ns)  Path(ns)    Netlist Resource(s)
  -------------------------------------------------------------------    -------------------
                         (clock clk rise edge)        0.000     0.000 r  <hidden>
    R10                                               0.000     0.000 r  clk
                         net (fo=0)                   0.000     0.000    clk
    R10                  IBUF (Prop_ibuf_I_O)         0.249     0.249 r  clk_IBUF_inst/O
                         net (fo=1, routed)           1.118     1.366    clk_IBUF
    BUFGCTRL_X0Y0        BUFG (Prop_bufg_I_O)         0.026     1.392 r  clk_IBUF_BUFG_inst/O
                         net (fo=4, routed)           0.589     1.981    clk_IBUF_BUFG
    SLICE_X0Y64          FDRE                                         r  compteur_stabilite_reg[1]/C
  -------------------------------------------------------------------    -------------------
    SLICE_X0Y64          FDRE (Prop_fdre_C_Q)         0.141     2.122 r  compteur_stabilite_reg[1]/Q
                         net (fo=4, routed)           0.196     2.318    compteur_stabilite[1]
    SLICE_X0Y64          LUT6 (Prop_lut6_I1_O)        0.045     2.363 r  compteur_stabilite[1]_i_1/O
                         net (fo=1, routed)           0.000     2.363    compteur_stabilite[1]_i_1_n_0
    SLICE_X0Y64          FDRE                                         r  compteur_stabilite_reg[1]/D
  -------------------------------------------------------------------    -------------------

                         (clock clk rise edge)        0.000     0.000 r  <hidden>
    R10                                               0.000     0.000 r  clk
                         net (fo=0)                   0.000     0.000    clk
    R10                  IBUF (Prop_ibuf_I_O)         0.436     0.436 r  clk_IBUF_inst/O
                         net (fo=1, routed)           1.290     1.726    clk_IBUF
    BUFGCTRL_X0Y0        BUFG (Prop_bufg_I_O)         0.029     1.755 r  clk_IBUF_BUFG_inst/O
                         net (fo=4, routed)           0.858     2.614    clk_IBUF_BUFG
    SLICE_X0Y64          FDRE                                         r  compteur_stabilite_reg[1]/C
                         clock pessimism             -0.633     1.981    <hidden>
    SLICE_X0Y64          FDRE (Hold_fdre_C_D)         0.091     2.072    compteur_stabilite_reg[1]
  -------------------------------------------------------------------
                         required time                         -2.072    <hidden>
                         arrival time                           2.363    <hidden>
  -------------------------------------------------------------------
                         slack                                  0.291    <hidden>

Slack (MET) :             0.512ns  (arrival time - required time)
  Source:                 compteur_stabilite_reg[0]/C
                            (rising edge-triggered cell FDRE clocked by clk  {rise@0.000ns fall@5.000ns period=10.000ns})
  Destination:            reg_statut_reg/D
                            (rising edge-triggered cell FDRE clocked by clk  {rise@0.000ns fall@5.000ns period=10.000ns})
  Path Group:             clk
  Path Type:              Hold (Min at Fast Process Corner)
  Requirement:            0.000ns  (clk rise@0.000ns - clk rise@0.000ns)
  Data Path Delay:        0.593ns  (logic 0.186ns (31.341%)  route 0.407ns (68.659%))
  Logic Levels:           1  (LUT5=1)
  Clock Path Skew:        0.015ns (DCD - SCD - CPR)
    Destination Clock Delay (DCD):    2.614ns
    Source Clock Delay      (SCD):    1.981ns
    Clock Pessimism Removal (CPR):    0.618ns

    Location             Delay type                Incr(ns)  Path(ns)    Netlist Resource(s)
  -------------------------------------------------------------------    -------------------
                         (clock clk rise edge)        0.000     0.000 r  <hidden>
    R10                                               0.000     0.000 r  clk
                         net (fo=0)                   0.000     0.000    clk
    R10                  IBUF (Prop_ibuf_I_O)         0.249     0.249 r  clk_IBUF_inst/O
                         net (fo=1, routed)           1.118     1.366    clk_IBUF
    BUFGCTRL_X0Y0        BUFG (Prop_bufg_I_O)         0.026     1.392 r  clk_IBUF_BUFG_inst/O
                         net (fo=4, routed)           0.589     1.981    clk_IBUF_BUFG
    SLICE_X0Y64          FDRE                                         r  compteur_stabilite_reg[0]/C
  -------------------------------------------------------------------    -------------------
    SLICE_X0Y64          FDRE (Prop_fdre_C_Q)         0.141     2.122 f  compteur_stabilite_reg[0]/Q
                         net (fo=4, routed)           0.233     2.355    compteur_stabilite[0]
    SLICE_X0Y64          LUT5 (Prop_lut5_I0_O)        0.045     2.400 r  reg_statut_i_2/O
                         net (fo=3, routed)           0.175     2.575    reg_statut_i_2_n_0
    SLICE_X0Y63          FDRE                                         r  reg_statut_reg/D
  -------------------------------------------------------------------    -------------------

                         (clock clk rise edge)        0.000     0.000 r  <hidden>
    R10                                               0.000     0.000 r  clk
                         net (fo=0)                   0.000     0.000    clk
    R10                  IBUF (Prop_ibuf_I_O)         0.436     0.436 r  clk_IBUF_inst/O
                         net (fo=1, routed)           1.290     1.726    clk_IBUF
    BUFGCTRL_X0Y0        BUFG (Prop_bufg_I_O)         0.029     1.755 r  clk_IBUF_BUFG_inst/O
                         net (fo=4, routed)           0.858     2.614    clk_IBUF_BUFG
    SLICE_X0Y63          FDRE                                         r  reg_statut_reg/C
                         clock pessimism             -0.618     1.996    <hidden>
    SLICE_X0Y63          FDRE (Hold_fdre_C_D)         0.066     2.062    reg_statut_reg
  -------------------------------------------------------------------
                         required time                         -2.062    <hidden>
                         arrival time                           2.575    <hidden>
  -------------------------------------------------------------------
                         slack                                  0.512    <hidden>

Slack (MET) :             0.623ns  (arrival time - required time)
  Source:                 compteur_stabilite_reg[0]/C
                            (rising edge-triggered cell FDRE clocked by clk  {rise@0.000ns fall@5.000ns period=10.000ns})
  Destination:            reg_secours_reg/CE
                            (rising edge-triggered cell FDSE clocked by clk  {rise@0.000ns fall@5.000ns period=10.000ns})
  Path Group:             clk
  Path Type:              Hold (Min at Fast Process Corner)
  Requirement:            0.000ns  (clk rise@0.000ns - clk rise@0.000ns)
  Data Path Delay:        0.599ns  (logic 0.186ns (31.058%)  route 0.413ns (68.942%))
  Logic Levels:           1  (LUT5=1)
  Clock Path Skew:        0.015ns (DCD - SCD - CPR)
    Destination Clock Delay (DCD):    2.614ns
    Source Clock Delay      (SCD):    1.981ns
    Clock Pessimism Removal (CPR):    0.618ns

    Location             Delay type                Incr(ns)  Path(ns)    Netlist Resource(s)
  -------------------------------------------------------------------    -------------------
                         (clock clk rise edge)        0.000     0.000 r  <hidden>
    R10                                               0.000     0.000 r  clk
                         net (fo=0)                   0.000     0.000    clk
    R10                  IBUF (Prop_ibuf_I_O)         0.249     0.249 r  clk_IBUF_inst/O
                         net (fo=1, routed)           1.118     1.366    clk_IBUF
    BUFGCTRL_X0Y0        BUFG (Prop_bufg_I_O)         0.026     1.392 r  clk_IBUF_BUFG_inst/O
                         net (fo=4, routed)           0.589     1.981    clk_IBUF_BUFG
    SLICE_X0Y64          FDRE                                         r  compteur_stabilite_reg[0]/C
  -------------------------------------------------------------------    -------------------
    SLICE_X0Y64          FDRE (Prop_fdre_C_Q)         0.141     2.122 f  compteur_stabilite_reg[0]/Q
                         net (fo=4, routed)           0.233     2.355    compteur_stabilite[0]
    SLICE_X0Y64          LUT5 (Prop_lut5_I0_O)        0.045     2.400 r  reg_statut_i_2/O
                         net (fo=3, routed)           0.180     2.580    reg_statut_i_2_n_0
    SLICE_X0Y63          FDSE                                         r  reg_secours_reg/CE
  -------------------------------------------------------------------    -------------------

                         (clock clk rise edge)        0.000     0.000 r  <hidden>
    R10                                               0.000     0.000 r  clk
                         net (fo=0)                   0.000     0.000    clk
    R10                  IBUF (Prop_ibuf_I_O)         0.436     0.436 r  clk_IBUF_inst/O
                         net (fo=1, routed)           1.290     1.726    clk_IBUF
    BUFGCTRL_X0Y0        BUFG (Prop_bufg_I_O)         0.029     1.755 r  clk_IBUF_BUFG_inst/O
                         net (fo=4, routed)           0.858     2.614    clk_IBUF_BUFG
    SLICE_X0Y63          FDSE                                         r  reg_secours_reg/C
                         clock pessimism             -0.618     1.996    <hidden>
    SLICE_X0Y63          FDSE (Hold_fdse_C_CE)       -0.039     1.957    reg_secours_reg
  -------------------------------------------------------------------
                         required time                         -1.957    <hidden>
                         arrival time                           2.580    <hidden>
  -------------------------------------------------------------------
                         slack                                  0.623    <hidden>

Slack (MET) :             0.623ns  (arrival time - required time)
  Source:                 compteur_stabilite_reg[0]/C
                            (rising edge-triggered cell FDRE clocked by clk  {rise@0.000ns fall@5.000ns period=10.000ns})
  Destination:            reg_statut_reg/CE
                            (rising edge-triggered cell FDRE clocked by clk  {rise@0.000ns fall@5.000ns period=10.000ns})
  Path Group:             clk
  Path Type:              Hold (Min at Fast Process Corner)
  Requirement:            0.000ns  (clk rise@0.000ns - clk rise@0.000ns)
  Data Path Delay:        0.599ns  (logic 0.186ns (31.058%)  route 0.413ns (68.942%))
  Logic Levels:           1  (LUT5=1)
  Clock Path Skew:        0.015ns (DCD - SCD - CPR)
    Destination Clock Delay (DCD):    2.614ns
    Source Clock Delay      (SCD):    1.981ns
    Clock Pessimism Removal (CPR):    0.618ns

    Location             Delay type                Incr(ns)  Path(ns)    Netlist Resource(s)
  -------------------------------------------------------------------    -------------------
                         (clock clk rise edge)        0.000     0.000 r  <hidden>
    R10                                               0.000     0.000 r  clk
                         net (fo=0)                   0.000     0.000    clk
    R10                  IBUF (Prop_ibuf_I_O)         0.249     0.249 r  clk_IBUF_inst/O
                         net (fo=1, routed)           1.118     1.366    clk_IBUF
    BUFGCTRL_X0Y0        BUFG (Prop_bufg_I_O)         0.026     1.392 r  clk_IBUF_BUFG_inst/O
                         net (fo=4, routed)           0.589     1.981    clk_IBUF_BUFG
    SLICE_X0Y64          FDRE                                         r  compteur_stabilite_reg[0]/C
  -------------------------------------------------------------------    -------------------
    SLICE_X0Y64          FDRE (Prop_fdre_C_Q)         0.141     2.122 f  compteur_stabilite_reg[0]/Q
                         net (fo=4, routed)           0.233     2.355    compteur_stabilite[0]
    SLICE_X0Y64          LUT5 (Prop_lut5_I0_O)        0.045     2.400 r  reg_statut_i_2/O
                         net (fo=3, routed)           0.180     2.580    reg_statut_i_2_n_0
    SLICE_X0Y63          FDRE                                         r  reg_statut_reg/CE
  -------------------------------------------------------------------    -------------------

                         (clock clk rise edge)        0.000     0.000 r  <hidden>
    R10                                               0.000     0.000 r  clk
                         net (fo=0)                   0.000     0.000    clk
    R10                  IBUF (Prop_ibuf_I_O)         0.436     0.436 r  clk_IBUF_inst/O
                         net (fo=1, routed)           1.290     1.726    clk_IBUF
    BUFGCTRL_X0Y0        BUFG (Prop_bufg_I_O)         0.029     1.755 r  clk_IBUF_BUFG_inst/O
                         net (fo=4, routed)           0.858     2.614    clk_IBUF_BUFG
    SLICE_X0Y63          FDRE                                         r  reg_statut_reg/C
                         clock pessimism             -0.618     1.996    <hidden>
    SLICE_X0Y63          FDRE (Hold_fdre_C_CE)       -0.039     1.957    reg_statut_reg
  -------------------------------------------------------------------
                         required time                         -1.957    <hidden>
                         arrival time                           2.580    <hidden>
  -------------------------------------------------------------------
                         slack                                  0.623    <hidden>

Slack (MET) :             0.625ns  (arrival time - required time)
  Source:                 compteur_stabilite_reg[0]/C
                            (rising edge-triggered cell FDRE clocked by clk  {rise@0.000ns fall@5.000ns period=10.000ns})
  Destination:            reg_secours_reg/S
                            (rising edge-triggered cell FDSE clocked by clk  {rise@0.000ns fall@5.000ns period=10.000ns})
  Path Group:             clk
  Path Type:              Hold (Min at Fast Process Corner)
  Requirement:            0.000ns  (clk rise@0.000ns - clk rise@0.000ns)
  Data Path Delay:        0.622ns  (logic 0.186ns (29.904%)  route 0.436ns (70.096%))
  Logic Levels:           1  (LUT6=1)
  Clock Path Skew:        0.015ns (DCD - SCD - CPR)
    Destination Clock Delay (DCD):    2.614ns
    Source Clock Delay      (SCD):    1.981ns
    Clock Pessimism Removal (CPR):    0.618ns

    Location             Delay type                Incr(ns)  Path(ns)    Netlist Resource(s)
  -------------------------------------------------------------------    -------------------
                         (clock clk rise edge)        0.000     0.000 r  <hidden>
    R10                                               0.000     0.000 r  clk
                         net (fo=0)                   0.000     0.000    clk
    R10                  IBUF (Prop_ibuf_I_O)         0.249     0.249 r  clk_IBUF_inst/O
                         net (fo=1, routed)           1.118     1.366    clk_IBUF
    BUFGCTRL_X0Y0        BUFG (Prop_bufg_I_O)         0.026     1.392 r  clk_IBUF_BUFG_inst/O
                         net (fo=4, routed)           0.589     1.981    clk_IBUF_BUFG
    SLICE_X0Y64          FDRE                                         r  compteur_stabilite_reg[0]/C
  -------------------------------------------------------------------    -------------------
    SLICE_X0Y64          FDRE (Prop_fdre_C_Q)         0.141     2.122 r  compteur_stabilite_reg[0]/Q
                         net (fo=4, routed)           0.257     2.379    compteur_stabilite[0]
    SLICE_X0Y64          LUT6 (Prop_lut6_I0_O)        0.045     2.424 r  reg_statut_i_1/O
                         net (fo=2, routed)           0.179     2.603    reg_secours
    SLICE_X0Y63          FDSE                                         r  reg_secours_reg/S
  -------------------------------------------------------------------    -------------------

                         (clock clk rise edge)        0.000     0.000 r  <hidden>
    R10                                               0.000     0.000 r  clk
                         net (fo=0)                   0.000     0.000    clk
    R10                  IBUF (Prop_ibuf_I_O)         0.436     0.436 r  clk_IBUF_inst/O
                         net (fo=1, routed)           1.290     1.726    clk_IBUF
    BUFGCTRL_X0Y0        BUFG (Prop_bufg_I_O)         0.029     1.755 r  clk_IBUF_BUFG_inst/O
                         net (fo=4, routed)           0.858     2.614    clk_IBUF_BUFG
    SLICE_X0Y63          FDSE                                         r  reg_secours_reg/C
                         clock pessimism             -0.618     1.996    <hidden>
    SLICE_X0Y63          FDSE (Hold_fdse_C_S)        -0.018     1.978    reg_secours_reg
  -------------------------------------------------------------------
                         required time                         -1.978    <hidden>
                         arrival time                           2.603    <hidden>
  -------------------------------------------------------------------
                         slack                                  0.625    <hidden>

Slack (MET) :             0.625ns  (arrival time - required time)
  Source:                 compteur_stabilite_reg[0]/C
                            (rising edge-triggered cell FDRE clocked by clk  {rise@0.000ns fall@5.000ns period=10.000ns})
  Destination:            reg_statut_reg/R
                            (rising edge-triggered cell FDRE clocked by clk  {rise@0.000ns fall@5.000ns period=10.000ns})
  Path Group:             clk
  Path Type:              Hold (Min at Fast Process Corner)
  Requirement:            0.000ns  (clk rise@0.000ns - clk rise@0.000ns)
  Data Path Delay:        0.622ns  (logic 0.186ns (29.904%)  route 0.436ns (70.096%))
  Logic Levels:           1  (LUT6=1)
  Clock Path Skew:        0.015ns (DCD - SCD - CPR)
    Destination Clock Delay (DCD):    2.614ns
    Source Clock Delay      (SCD):    1.981ns
    Clock Pessimism Removal (CPR):    0.618ns

    Location             Delay type                Incr(ns)  Path(ns)    Netlist Resource(s)
  -------------------------------------------------------------------    -------------------
                         (clock clk rise edge)        0.000     0.000 r  <hidden>
    R10                                               0.000     0.000 r  clk
                         net (fo=0)                   0.000     0.000    clk
    R10                  IBUF (Prop_ibuf_I_O)         0.249     0.249 r  clk_IBUF_inst/O
                         net (fo=1, routed)           1.118     1.366    clk_IBUF
    BUFGCTRL_X0Y0        BUFG (Prop_bufg_I_O)         0.026     1.392 r  clk_IBUF_BUFG_inst/O
                         net (fo=4, routed)           0.589     1.981    clk_IBUF_BUFG
    SLICE_X0Y64          FDRE                                         r  compteur_stabilite_reg[0]/C
  -------------------------------------------------------------------    -------------------
    SLICE_X0Y64          FDRE (Prop_fdre_C_Q)         0.141     2.122 r  compteur_stabilite_reg[0]/Q
                         net (fo=4, routed)           0.257     2.379    compteur_stabilite[0]
    SLICE_X0Y64          LUT6 (Prop_lut6_I0_O)        0.045     2.424 r  reg_statut_i_1/O
                         net (fo=2, routed)           0.179     2.603    reg_secours
    SLICE_X0Y63          FDRE                                         r  reg_statut_reg/R
  -------------------------------------------------------------------    -------------------

                         (clock clk rise edge)        0.000     0.000 r  <hidden>
    R10                                               0.000     0.000 r  clk
                         net (fo=0)                   0.000     0.000    clk
    R10                  IBUF (Prop_ibuf_I_O)         0.436     0.436 r  clk_IBUF_inst/O
                         net (fo=1, routed)           1.290     1.726    clk_IBUF
    BUFGCTRL_X0Y0        BUFG (Prop_bufg_I_O)         0.029     1.755 r  clk_IBUF_BUFG_inst/O
                         net (fo=4, routed)           0.858     2.614    clk_IBUF_BUFG
    SLICE_X0Y63          FDRE                                         r  reg_statut_reg/C
                         clock pessimism             -0.618     1.996    <hidden>
    SLICE_X0Y63          FDRE (Hold_fdre_C_R)        -0.018     1.978    reg_statut_reg
  -------------------------------------------------------------------
                         required time                         -1.978    <hidden>
                         arrival time                           2.603    <hidden>
  -------------------------------------------------------------------
                         slack                                  0.625    <hidden>





Pulse Width Checks
--------------------------------------------------------------------------------------
Clock Name:         clk
Waveform(ns):       { 0.000 5.000 }
Period(ns):         10.000
Sources:            { clk }

Check Type        Corner  Lib Pin  Reference Pin  Required(ns)  Actual(ns)  Slack(ns)  Location       Pin
Min Period        n/a     BUFG/I   n/a            2.155         10.000      7.845      BUFGCTRL_X0Y0  clk_IBUF_BUFG_inst/I
Min Period        n/a     FDRE/C   n/a            1.000         10.000      9.000      SLICE_X0Y64    compteur_stabilite_reg[0]/C
Min Period        n/a     FDRE/C   n/a            1.000         10.000      9.000      SLICE_X0Y64    compteur_stabilite_reg[1]/C
Min Period        n/a     FDSE/C   n/a            1.000         10.000      9.000      SLICE_X0Y63    reg_secours_reg/C
Min Period        n/a     FDRE/C   n/a            1.000         10.000      9.000      SLICE_X0Y63    reg_statut_reg/C
Low Pulse Width   Slow    FDRE/C   n/a            0.500         5.000       4.500      SLICE_X0Y64    compteur_stabilite_reg[0]/C
Low Pulse Width   Fast    FDRE/C   n/a            0.500         5.000       4.500      SLICE_X0Y64    compteur_stabilite_reg[0]/C
Low Pulse Width   Slow    FDRE/C   n/a            0.500         5.000       4.500      SLICE_X0Y64    compteur_stabilite_reg[1]/C
Low Pulse Width   Fast    FDRE/C   n/a            0.500         5.000       4.500      SLICE_X0Y64    compteur_stabilite_reg[1]/C
Low Pulse Width   Slow    FDSE/C   n/a            0.500         5.000       4.500      SLICE_X0Y63    reg_secours_reg/C
Low Pulse Width   Fast    FDSE/C   n/a            0.500         5.000       4.500      SLICE_X0Y63    reg_secours_reg/C
Low Pulse Width   Slow    FDRE/C   n/a            0.500         5.000       4.500      SLICE_X0Y63    reg_statut_reg/C
Low Pulse Width   Fast    FDRE/C   n/a            0.500         5.000       4.500      SLICE_X0Y63    reg_statut_reg/C
High Pulse Width  Slow    FDRE/C   n/a            0.500         5.000       4.500      SLICE_X0Y64    compteur_stabilite_reg[0]/C
High Pulse Width  Fast    FDRE/C   n/a            0.500         5.000       4.500      SLICE_X0Y64    compteur_stabilite_reg[0]/C
High Pulse Width  Slow    FDRE/C   n/a            0.500         5.000       4.500      SLICE_X0Y64    compteur_stabilite_reg[1]/C
High Pulse Width  Fast    FDRE/C   n/a            0.500         5.000       4.500      SLICE_X0Y64    compteur_stabilite_reg[1]/C
High Pulse Width  Slow    FDSE/C   n/a            0.500         5.000       4.500      SLICE_X0Y63    reg_secours_reg/C
High Pulse Width  Fast    FDSE/C   n/a            0.500         5.000       4.500      SLICE_X0Y63    reg_secours_reg/C
High Pulse Width  Slow    FDRE/C   n/a            0.500         5.000       4.500      SLICE_X0Y63    reg_statut_reg/C
High Pulse Width  Fast    FDRE/C   n/a            0.500         5.000       4.500      SLICE_X0Y63    reg_statut_reg/C



--------------------------------------------------------------------------------------
Path Group:  (none)
From Clock:  clk
  To Clock:  

Max Delay             2 Endpoints
Min Delay             2 Endpoints
--------------------------------------------------------------------------------------


Max Delay Paths
--------------------------------------------------------------------------------------
Slack:                    inf
  Source:                 reg_secours_reg/C
                            (rising edge-triggered cell FDSE clocked by clk  {rise@0.000ns fall@5.000ns period=10.000ns})
  Destination:            declencher_secours
                            (output port)
  Path Group:             (none)
  Path Type:              Max at Slow Process Corner
  Data Path Delay:        7.425ns  (logic 4.017ns (54.103%)  route 3.408ns (45.897%))
  Logic Levels:           1  (OBUF=1)
  Clock Uncertainty:      0.025ns  ((TSJ^2 + TIJ^2)^1/2 + DJ) / 2 + PE
    Total System Jitter     (TSJ):    0.050ns
    Total Input Jitter      (TIJ):    0.000ns
    Discrete Jitter          (DJ):    0.000ns
    Phase Error              (PE):    0.000ns

    Location             Delay type                Incr(ns)  Path(ns)    Netlist Resource(s)
  -------------------------------------------------------------------    -------------------
                         (clock clk rise edge)        0.000     0.000 r  <hidden>
    R10                                               0.000     0.000 r  clk
                         net (fo=0)                   0.000     0.000    clk
    R10                  IBUF (Prop_ibuf_I_O)         1.481     1.481 r  clk_IBUF_inst/O
                         net (fo=1, routed)           2.663     4.144    clk_IBUF
    BUFGCTRL_X0Y0        BUFG (Prop_bufg_I_O)         0.096     4.240 r  clk_IBUF_BUFG_inst/O
                         net (fo=4, routed)           1.621     5.861    clk_IBUF_BUFG
    SLICE_X0Y63          FDSE                                         r  reg_secours_reg/C
  -------------------------------------------------------------------    -------------------
    SLICE_X0Y63          FDSE (Prop_fdse_C_Q)         0.456     6.317 r  reg_secours_reg/Q
                         net (fo=1, routed)           3.408     9.724    declencher_secours_OBUF
    V12                  OBUF (Prop_obuf_I_O)         3.561    13.286 r  declencher_secours_OBUF_inst/O
                         net (fo=0)                   0.000    13.286    declencher_secours
    V12                                                               r  declencher_secours
  -------------------------------------------------------------------    -------------------

Slack:                    inf
  Source:                 reg_statut_reg/C
                            (rising edge-triggered cell FDRE clocked by clk  {rise@0.000ns fall@5.000ns period=10.000ns})
  Destination:            statut_securite
                            (output port)
  Path Group:             (none)
  Path Type:              Max at Slow Process Corner
  Data Path Delay:        7.406ns  (logic 4.020ns (54.286%)  route 3.385ns (45.714%))
  Logic Levels:           1  (OBUF=1)
  Clock Uncertainty:      0.025ns  ((TSJ^2 + TIJ^2)^1/2 + DJ) / 2 + PE
    Total System Jitter     (TSJ):    0.050ns
    Total Input Jitter      (TIJ):    0.000ns
    Discrete Jitter          (DJ):    0.000ns
    Phase Error              (PE):    0.000ns

    Location             Delay type                Incr(ns)  Path(ns)    Netlist Resource(s)
  -------------------------------------------------------------------    -------------------
                         (clock clk rise edge)        0.000     0.000 r  <hidden>
    R10                                               0.000     0.000 r  clk
                         net (fo=0)                   0.000     0.000    clk
    R10                  IBUF (Prop_ibuf_I_O)         1.481     1.481 r  clk_IBUF_inst/O
                         net (fo=1, routed)           2.663     4.144    clk_IBUF
    BUFGCTRL_X0Y0        BUFG (Prop_bufg_I_O)         0.096     4.240 r  clk_IBUF_BUFG_inst/O
                         net (fo=4, routed)           1.621     5.861    clk_IBUF_BUFG
    SLICE_X0Y63          FDRE                                         r  reg_statut_reg/C
  -------------------------------------------------------------------    -------------------
    SLICE_X0Y63          FDRE (Prop_fdre_C_Q)         0.456     6.317 r  reg_statut_reg/Q
                         net (fo=1, routed)           3.385     9.702    statut_securite_OBUF
    U12                  OBUF (Prop_obuf_I_O)         3.564    13.266 r  statut_securite_OBUF_inst/O
                         net (fo=0)                   0.000    13.266    statut_securite
    U12                                                               r  statut_securite
  -------------------------------------------------------------------    -------------------





Min Delay Paths
--------------------------------------------------------------------------------------
Slack:                    inf
  Source:                 reg_statut_reg/C
                            (rising edge-triggered cell FDRE clocked by clk  {rise@0.000ns fall@5.000ns period=10.000ns})
  Destination:            statut_securite
                            (output port)
  Path Group:             (none)
  Path Type:              Min at Fast Process Corner
  Data Path Delay:        2.483ns  (logic 1.406ns (56.611%)  route 1.077ns (43.389%))
  Logic Levels:           1  (OBUF=1)
  Clock Uncertainty:      0.025ns  ((TSJ^2 + TIJ^2)^1/2 + DJ) / 2 + PE
    Total System Jitter     (TSJ):    0.050ns
    Total Input Jitter      (TIJ):    0.000ns
    Discrete Jitter          (DJ):    0.000ns
    Phase Error              (PE):    0.000ns

    Location             Delay type                Incr(ns)  Path(ns)    Netlist Resource(s)
  -------------------------------------------------------------------    -------------------
                         (clock clk rise edge)        0.000     0.000 r  <hidden>
    R10                                               0.000     0.000 r  clk
                         net (fo=0)                   0.000     0.000    clk
    R10                  IBUF (Prop_ibuf_I_O)         0.249     0.249 r  clk_IBUF_inst/O
                         net (fo=1, routed)           1.118     1.366    clk_IBUF
    BUFGCTRL_X0Y0        BUFG (Prop_bufg_I_O)         0.026     1.392 r  clk_IBUF_BUFG_inst/O
                         net (fo=4, routed)           0.589     1.981    clk_IBUF_BUFG
    SLICE_X0Y63          FDRE                                         r  reg_statut_reg/C
  -------------------------------------------------------------------    -------------------
    SLICE_X0Y63          FDRE (Prop_fdre_C_Q)         0.141     2.122 r  reg_statut_reg/Q
                         net (fo=1, routed)           1.077     3.200    statut_securite_OBUF
    U12                  OBUF (Prop_obuf_I_O)         1.265     4.464 r  statut_securite_OBUF_inst/O
                         net (fo=0)                   0.000     4.464    statut_securite
    U12                                                               r  statut_securite
  -------------------------------------------------------------------    -------------------

Slack:                    inf
  Source:                 reg_secours_reg/C
                            (rising edge-triggered cell FDSE clocked by clk  {rise@0.000ns fall@5.000ns period=10.000ns})
  Destination:            declencher_secours
                            (output port)
  Path Group:             (none)
  Path Type:              Min at Fast Process Corner
  Data Path Delay:        2.492ns  (logic 1.403ns (56.277%)  route 1.090ns (43.723%))
  Logic Levels:           1  (OBUF=1)
  Clock Uncertainty:      0.025ns  ((TSJ^2 + TIJ^2)^1/2 + DJ) / 2 + PE
    Total System Jitter     (TSJ):    0.050ns
    Total Input Jitter      (TIJ):    0.000ns
    Discrete Jitter          (DJ):    0.000ns
    Phase Error              (PE):    0.000ns

    Location             Delay type                Incr(ns)  Path(ns)    Netlist Resource(s)
  -------------------------------------------------------------------    -------------------
                         (clock clk rise edge)        0.000     0.000 r  <hidden>
    R10                                               0.000     0.000 r  clk
                         net (fo=0)                   0.000     0.000    clk
    R10                  IBUF (Prop_ibuf_I_O)         0.249     0.249 r  clk_IBUF_inst/O
                         net (fo=1, routed)           1.118     1.366    clk_IBUF
    BUFGCTRL_X0Y0        BUFG (Prop_bufg_I_O)         0.026     1.392 r  clk_IBUF_BUFG_inst/O
                         net (fo=4, routed)           0.589     1.981    clk_IBUF_BUFG
    SLICE_X0Y63          FDSE                                         r  reg_secours_reg/C
  -------------------------------------------------------------------    -------------------
    SLICE_X0Y63          FDSE (Prop_fdse_C_Q)         0.141     2.122 r  reg_secours_reg/Q
                         net (fo=1, routed)           1.090     3.212    declencher_secours_OBUF
    V12                  OBUF (Prop_obuf_I_O)         1.262     4.474 r  declencher_secours_OBUF_inst/O
                         net (fo=0)                   0.000     4.474    declencher_secours
    V12                                                               r  declencher_secours
  -------------------------------------------------------------------    -------------------





--------------------------------------------------------------------------------------
Path Group:  (none)
From Clock:  
  To Clock:  clk

Max Delay             7 Endpoints
Min Delay             7 Endpoints
--------------------------------------------------------------------------------------


Max Delay Paths
--------------------------------------------------------------------------------------
Slack:                    inf
  Source:                 flux_data_in[2]
                            (input port)
  Destination:            reg_secours_reg/CE
                            (rising edge-triggered cell FDSE clocked by clk  {rise@0.000ns fall@5.000ns period=10.000ns})
  Path Group:             (none)
  Path Type:              Setup (Max at Slow Process Corner)
  Data Path Delay:        5.321ns  (logic 1.739ns (32.681%)  route 3.582ns (67.319%))
  Logic Levels:           3  (IBUF=1 LUT4=1 LUT5=1)
  Clock Path Skew:        5.300ns (DCD - SCD + CPR)
    Destination Clock Delay (DCD):    5.300ns
    Source Clock Delay      (SCD):    0.000ns
    Clock Pessimism Removal (CPR):    0.000ns
  Clock Uncertainty:      0.025ns  ((TSJ^2 + TIJ^2)^1/2 + DJ) / 2 + PE
    Total System Jitter     (TSJ):    0.050ns
    Total Input Jitter      (TIJ):    0.000ns
    Discrete Jitter          (DJ):    0.000ns
    Phase Error              (PE):    0.000ns

    Location             Delay type                Incr(ns)  Path(ns)    Netlist Resource(s)
  -------------------------------------------------------------------    -------------------
    F14                                               0.000     0.000 f  flux_data_in[2]
                         net (fo=0)                   0.000     0.000    flux_data_in[2]
    F14                  IBUF (Prop_ibuf_I_O)         1.491     1.491 f  flux_data_in_IBUF[2]_inst/O
                         net (fo=1, routed)           2.008     3.499    flux_data_in_IBUF[2]
    SLICE_X0Y69          LUT4 (Prop_lut4_I0_O)        0.124     3.623 r  compteur_stabilite[1]_i_2/O
                         net (fo=4, routed)           1.044     4.667    compteur_stabilite[1]_i_2_n_0
    SLICE_X0Y64          LUT5 (Prop_lut5_I3_O)        0.124     4.791 r  reg_statut_i_2/O
                         net (fo=3, routed)           0.530     5.321    reg_statut_i_2_n_0
    SLICE_X0Y63          FDSE                                         r  reg_secours_reg/CE
  -------------------------------------------------------------------    -------------------

                         (clock clk rise edge)        0.000     0.000 r  <hidden>
    R10                                               0.000     0.000 r  clk
                         net (fo=0)                   0.000     0.000    clk
    R10                  IBUF (Prop_ibuf_I_O)         1.410     1.410 r  clk_IBUF_inst/O
                         net (fo=1, routed)           2.295     3.705    clk_IBUF
    BUFGCTRL_X0Y0        BUFG (Prop_bufg_I_O)         0.091     3.796 r  clk_IBUF_BUFG_inst/O
                         net (fo=4, routed)           1.504     5.300    clk_IBUF_BUFG
    SLICE_X0Y63          FDSE                                         r  reg_secours_reg/C

Slack:                    inf
  Source:                 flux_data_in[2]
                            (input port)
  Destination:            reg_statut_reg/CE
                            (rising edge-triggered cell FDRE clocked by clk  {rise@0.000ns fall@5.000ns period=10.000ns})
  Path Group:             (none)
  Path Type:              Setup (Max at Slow Process Corner)
  Data Path Delay:        5.321ns  (logic 1.739ns (32.681%)  route 3.582ns (67.319%))
  Logic Levels:           3  (IBUF=1 LUT4=1 LUT5=1)
  Clock Path Skew:        5.300ns (DCD - SCD + CPR)
    Destination Clock Delay (DCD):    5.300ns
    Source Clock Delay      (SCD):    0.000ns
    Clock Pessimism Removal (CPR):    0.000ns
  Clock Uncertainty:      0.025ns  ((TSJ^2 + TIJ^2)^1/2 + DJ) / 2 + PE
    Total System Jitter     (TSJ):    0.050ns
    Total Input Jitter      (TIJ):    0.000ns
    Discrete Jitter          (DJ):    0.000ns
    Phase Error              (PE):    0.000ns

    Location             Delay type                Incr(ns)  Path(ns)    Netlist Resource(s)
  -------------------------------------------------------------------    -------------------
    F14                                               0.000     0.000 f  flux_data_in[2]
                         net (fo=0)                   0.000     0.000    flux_data_in[2]
    F14                  IBUF (Prop_ibuf_I_O)         1.491     1.491 f  flux_data_in_IBUF[2]_inst/O
                         net (fo=1, routed)           2.008     3.499    flux_data_in_IBUF[2]
    SLICE_X0Y69          LUT4 (Prop_lut4_I0_O)        0.124     3.623 r  compteur_stabilite[1]_i_2/O
                         net (fo=4, routed)           1.044     4.667    compteur_stabilite[1]_i_2_n_0
    SLICE_X0Y64          LUT5 (Prop_lut5_I3_O)        0.124     4.791 r  reg_statut_i_2/O
                         net (fo=3, routed)           0.530     5.321    reg_statut_i_2_n_0
    SLICE_X0Y63          FDRE                                         r  reg_statut_reg/CE
  -------------------------------------------------------------------    -------------------

                         (clock clk rise edge)        0.000     0.000 r  <hidden>
    R10                                               0.000     0.000 r  clk
                         net (fo=0)                   0.000     0.000    clk
    R10                  IBUF (Prop_ibuf_I_O)         1.410     1.410 r  clk_IBUF_inst/O
                         net (fo=1, routed)           2.295     3.705    clk_IBUF
    BUFGCTRL_X0Y0        BUFG (Prop_bufg_I_O)         0.091     3.796 r  clk_IBUF_BUFG_inst/O
                         net (fo=4, routed)           1.504     5.300    clk_IBUF_BUFG
    SLICE_X0Y63          FDRE                                         r  reg_statut_reg/C

Slack:                    inf
  Source:                 flux_data_in[2]
                            (input port)
  Destination:            reg_secours_reg/S
                            (rising edge-triggered cell FDSE clocked by clk  {rise@0.000ns fall@5.000ns period=10.000ns})
  Path Group:             (none)
  Path Type:              Setup (Max at Slow Process Corner)
  Data Path Delay:        5.275ns  (logic 1.739ns (32.966%)  route 3.536ns (67.034%))
  Logic Levels:           3  (IBUF=1 LUT4=1 LUT6=1)
  Clock Path Skew:        5.300ns (DCD - SCD + CPR)
    Destination Clock Delay (DCD):    5.300ns
    Source Clock Delay      (SCD):    0.000ns
    Clock Pessimism Removal (CPR):    0.000ns
  Clock Uncertainty:      0.025ns  ((TSJ^2 + TIJ^2)^1/2 + DJ) / 2 + PE
    Total System Jitter     (TSJ):    0.050ns
    Total Input Jitter      (TIJ):    0.000ns
    Discrete Jitter          (DJ):    0.000ns
    Phase Error              (PE):    0.000ns

    Location             Delay type                Incr(ns)  Path(ns)    Netlist Resource(s)
  -------------------------------------------------------------------    -------------------
    F14                                               0.000     0.000 r  flux_data_in[2]
                         net (fo=0)                   0.000     0.000    flux_data_in[2]
    F14                  IBUF (Prop_ibuf_I_O)         1.491     1.491 r  flux_data_in_IBUF[2]_inst/O
                         net (fo=1, routed)           2.008     3.499    flux_data_in_IBUF[2]
    SLICE_X0Y69          LUT4 (Prop_lut4_I0_O)        0.124     3.623 f  compteur_stabilite[1]_i_2/O
                         net (fo=4, routed)           1.043     4.665    compteur_stabilite[1]_i_2_n_0
    SLICE_X0Y64          LUT6 (Prop_lut6_I3_O)        0.124     4.789 r  reg_statut_i_1/O
                         net (fo=2, routed)           0.485     5.275    reg_secours
    SLICE_X0Y63          FDSE                                         r  reg_secours_reg/S
  -------------------------------------------------------------------    -------------------

                         (clock clk rise edge)        0.000     0.000 r  <hidden>
    R10                                               0.000     0.000 r  clk
                         net (fo=0)                   0.000     0.000    clk
    R10                  IBUF (Prop_ibuf_I_O)         1.410     1.410 r  clk_IBUF_inst/O
                         net (fo=1, routed)           2.295     3.705    clk_IBUF
    BUFGCTRL_X0Y0        BUFG (Prop_bufg_I_O)         0.091     3.796 r  clk_IBUF_BUFG_inst/O
                         net (fo=4, routed)           1.504     5.300    clk_IBUF_BUFG
    SLICE_X0Y63          FDSE                                         r  reg_secours_reg/C

Slack:                    inf
  Source:                 flux_data_in[2]
                            (input port)
  Destination:            reg_statut_reg/R
                            (rising edge-triggered cell FDRE clocked by clk  {rise@0.000ns fall@5.000ns period=10.000ns})
  Path Group:             (none)
  Path Type:              Setup (Max at Slow Process Corner)
  Data Path Delay:        5.275ns  (logic 1.739ns (32.966%)  route 3.536ns (67.034%))
  Logic Levels:           3  (IBUF=1 LUT4=1 LUT6=1)
  Clock Path Skew:        5.300ns (DCD - SCD + CPR)
    Destination Clock Delay (DCD):    5.300ns
    Source Clock Delay      (SCD):    0.000ns
    Clock Pessimism Removal (CPR):    0.000ns
  Clock Uncertainty:      0.025ns  ((TSJ^2 + TIJ^2)^1/2 + DJ) / 2 + PE
    Total System Jitter     (TSJ):    0.050ns
    Total Input Jitter      (TIJ):    0.000ns
    Discrete Jitter          (DJ):    0.000ns
    Phase Error              (PE):    0.000ns

    Location             Delay type                Incr(ns)  Path(ns)    Netlist Resource(s)
  -------------------------------------------------------------------    -------------------
    F14                                               0.000     0.000 r  flux_data_in[2]
                         net (fo=0)                   0.000     0.000    flux_data_in[2]
    F14                  IBUF (Prop_ibuf_I_O)         1.491     1.491 r  flux_data_in_IBUF[2]_inst/O
                         net (fo=1, routed)           2.008     3.499    flux_data_in_IBUF[2]
    SLICE_X0Y69          LUT4 (Prop_lut4_I0_O)        0.124     3.623 f  compteur_stabilite[1]_i_2/O
                         net (fo=4, routed)           1.043     4.665    compteur_stabilite[1]_i_2_n_0
    SLICE_X0Y64          LUT6 (Prop_lut6_I3_O)        0.124     4.789 r  reg_statut_i_1/O
                         net (fo=2, routed)           0.485     5.275    reg_secours
    SLICE_X0Y63          FDRE                                         r  reg_statut_reg/R
  -------------------------------------------------------------------    -------------------

                         (clock clk rise edge)        0.000     0.000 r  <hidden>
    R10                                               0.000     0.000 r  clk
                         net (fo=0)                   0.000     0.000    clk
    R10                  IBUF (Prop_ibuf_I_O)         1.410     1.410 r  clk_IBUF_inst/O
                         net (fo=1, routed)           2.295     3.705    clk_IBUF
    BUFGCTRL_X0Y0        BUFG (Prop_bufg_I_O)         0.091     3.796 r  clk_IBUF_BUFG_inst/O
                         net (fo=4, routed)           1.504     5.300    clk_IBUF_BUFG
    SLICE_X0Y63          FDRE                                         r  reg_statut_reg/C

Slack:                    inf
  Source:                 flux_data_in[2]
                            (input port)
  Destination:            reg_statut_reg/D
                            (rising edge-triggered cell FDRE clocked by clk  {rise@0.000ns fall@5.000ns period=10.000ns})
  Path Group:             (none)
  Path Type:              Setup (Max at Slow Process Corner)
  Data Path Delay:        5.272ns  (logic 1.739ns (32.981%)  route 3.533ns (67.019%))
  Logic Levels:           3  (IBUF=1 LUT4=1 LUT5=1)
  Clock Path Skew:        5.300ns (DCD - SCD + CPR)
    Destination Clock Delay (DCD):    5.300ns
    Source Clock Delay      (SCD):    0.000ns
    Clock Pessimism Removal (CPR):    0.000ns
  Clock Uncertainty:      0.025ns  ((TSJ^2 + TIJ^2)^1/2 + DJ) / 2 + PE
    Total System Jitter     (TSJ):    0.050ns
    Total Input Jitter      (TIJ):    0.000ns
    Discrete Jitter          (DJ):    0.000ns
    Phase Error              (PE):    0.000ns

    Location             Delay type                Incr(ns)  Path(ns)    Netlist Resource(s)
  -------------------------------------------------------------------    -------------------
    F14                                               0.000     0.000 f  flux_data_in[2]
                         net (fo=0)                   0.000     0.000    flux_data_in[2]
    F14                  IBUF (Prop_ibuf_I_O)         1.491     1.491 f  flux_data_in_IBUF[2]_inst/O
                         net (fo=1, routed)           2.008     3.499    flux_data_in_IBUF[2]
    SLICE_X0Y69          LUT4 (Prop_lut4_I0_O)        0.124     3.623 r  compteur_stabilite[1]_i_2/O
                         net (fo=4, routed)           1.044     4.667    compteur_stabilite[1]_i_2_n_0
    SLICE_X0Y64          LUT5 (Prop_lut5_I3_O)        0.124     4.791 r  reg_statut_i_2/O
                         net (fo=3, routed)           0.482     5.272    reg_statut_i_2_n_0
    SLICE_X0Y63          FDRE                                         r  reg_statut_reg/D
  -------------------------------------------------------------------    -------------------

                         (clock clk rise edge)        0.000     0.000 r  <hidden>
    R10                                               0.000     0.000 r  clk
                         net (fo=0)                   0.000     0.000    clk
    R10                  IBUF (Prop_ibuf_I_O)         1.410     1.410 r  clk_IBUF_inst/O
                         net (fo=1, routed)           2.295     3.705    clk_IBUF
    BUFGCTRL_X0Y0        BUFG (Prop_bufg_I_O)         0.091     3.796 r  clk_IBUF_BUFG_inst/O
                         net (fo=4, routed)           1.504     5.300    clk_IBUF_BUFG
    SLICE_X0Y63          FDRE                                         r  reg_statut_reg/C

Slack:                    inf
  Source:                 reset
                            (input port)
  Destination:            compteur_stabilite_reg[1]/D
                            (rising edge-triggered cell FDRE clocked by clk  {rise@0.000ns fall@5.000ns period=10.000ns})
  Path Group:             (none)
  Path Type:              Setup (Max at Slow Process Corner)
  Data Path Delay:        4.579ns  (logic 1.609ns (35.134%)  route 2.970ns (64.866%))
  Logic Levels:           2  (IBUF=1 LUT6=1)
  Clock Path Skew:        5.300ns (DCD - SCD + CPR)
    Destination Clock Delay (DCD):    5.300ns
    Source Clock Delay      (SCD):    0.000ns
    Clock Pessimism Removal (CPR):    0.000ns
  Clock Uncertainty:      0.025ns  ((TSJ^2 + TIJ^2)^1/2 + DJ) / 2 + PE
    Total System Jitter     (TSJ):    0.050ns
    Total Input Jitter      (TIJ):    0.000ns
    Discrete Jitter          (DJ):    0.000ns
    Phase Error              (PE):    0.000ns

    Location             Delay type                Incr(ns)  Path(ns)    Netlist Resource(s)
  -------------------------------------------------------------------    -------------------
    T10                                               0.000     0.000 f  reset
                         net (fo=0)                   0.000     0.000    reset
    T10                  IBUF (Prop_ibuf_I_O)         1.485     1.485 f  reset_IBUF_inst/O
                         net (fo=3, routed)           2.970     4.455    reset_IBUF
    SLICE_X0Y64          LUT6 (Prop_lut6_I5_O)        0.124     4.579 r  compteur_stabilite[1]_i_1/O
                         net (fo=1, routed)           0.000     4.579    compteur_stabilite[1]_i_1_n_0
    SLICE_X0Y64          FDRE                                         r  compteur_stabilite_reg[1]/D
  -------------------------------------------------------------------    -------------------

                         (clock clk rise edge)        0.000     0.000 r  <hidden>
    R10                                               0.000     0.000 r  clk
                         net (fo=0)                   0.000     0.000    clk
    R10                  IBUF (Prop_ibuf_I_O)         1.410     1.410 r  clk_IBUF_inst/O
                         net (fo=1, routed)           2.295     3.705    clk_IBUF
    BUFGCTRL_X0Y0        BUFG (Prop_bufg_I_O)         0.091     3.796 r  clk_IBUF_BUFG_inst/O
                         net (fo=4, routed)           1.504     5.300    clk_IBUF_BUFG
    SLICE_X0Y64          FDRE                                         r  compteur_stabilite_reg[1]/C

Slack:                    inf
  Source:                 reset
                            (input port)
  Destination:            compteur_stabilite_reg[0]/D
                            (rising edge-triggered cell FDRE clocked by clk  {rise@0.000ns fall@5.000ns period=10.000ns})
  Path Group:             (none)
  Path Type:              Setup (Max at Slow Process Corner)
  Data Path Delay:        4.571ns  (logic 1.609ns (35.190%)  route 2.963ns (64.810%))
  Logic Levels:           2  (IBUF=1 LUT6=1)
  Clock Path Skew:        5.300ns (DCD - SCD + CPR)
    Destination Clock Delay (DCD):    5.300ns
    Source Clock Delay      (SCD):    0.000ns
    Clock Pessimism Removal (CPR):    0.000ns
  Clock Uncertainty:      0.025ns  ((TSJ^2 + TIJ^2)^1/2 + DJ) / 2 + PE
    Total System Jitter     (TSJ):    0.050ns
    Total Input Jitter      (TIJ):    0.000ns
    Discrete Jitter          (DJ):    0.000ns
    Phase Error              (PE):    0.000ns

    Location             Delay type                Incr(ns)  Path(ns)    Netlist Resource(s)
  -------------------------------------------------------------------    -------------------
    T10                                               0.000     0.000 f  reset
                         net (fo=0)                   0.000     0.000    reset
    T10                  IBUF (Prop_ibuf_I_O)         1.485     1.485 f  reset_IBUF_inst/O
                         net (fo=3, routed)           2.963     4.447    reset_IBUF
    SLICE_X0Y64          LUT6 (Prop_lut6_I5_O)        0.124     4.571 r  compteur_stabilite[0]_i_1/O
                         net (fo=1, routed)           0.000     4.571    compteur_stabilite[0]_i_1_n_0
    SLICE_X0Y64          FDRE                                         r  compteur_stabilite_reg[0]/D
  -------------------------------------------------------------------    -------------------

                         (clock clk rise edge)        0.000     0.000 r  <hidden>
    R10                                               0.000     0.000 r  clk
                         net (fo=0)                   0.000     0.000    clk
    R10                  IBUF (Prop_ibuf_I_O)         1.410     1.410 r  clk_IBUF_inst/O
                         net (fo=1, routed)           2.295     3.705    clk_IBUF
    BUFGCTRL_X0Y0        BUFG (Prop_bufg_I_O)         0.091     3.796 r  clk_IBUF_BUFG_inst/O
                         net (fo=4, routed)           1.504     5.300    clk_IBUF_BUFG
    SLICE_X0Y64          FDRE                                         r  compteur_stabilite_reg[0]/C





Min Delay Paths
--------------------------------------------------------------------------------------
Slack:                    inf
  Source:                 flux_data_in[4]
                            (input port)
  Destination:            compteur_stabilite_reg[1]/D
                            (rising edge-triggered cell FDRE clocked by clk  {rise@0.000ns fall@5.000ns period=10.000ns})
  Path Group:             (none)
  Path Type:              Hold (Min at Fast Process Corner)
  Data Path Delay:        0.889ns  (logic 0.353ns (39.699%)  route 0.536ns (60.301%))
  Logic Levels:           3  (IBUF=1 LUT4=1 LUT6=1)
  Clock Path Skew:        2.614ns (DCD - SCD - CPR)
    Destination Clock Delay (DCD):    2.614ns
    Source Clock Delay      (SCD):    0.000ns
    Clock Pessimism Removal (CPR):    -0.000ns

    Location             Delay type                Incr(ns)  Path(ns)    Netlist Resource(s)
  -------------------------------------------------------------------    -------------------
    D17                                               0.000     0.000 r  flux_data_in[4]
                         net (fo=0)                   0.000     0.000    flux_data_in[4]
    D17                  IBUF (Prop_ibuf_I_O)         0.263     0.263 r  flux_data_in_IBUF[4]_inst/O
                         net (fo=1, routed)           0.335     0.598    flux_data_in_IBUF[4]
    SLICE_X0Y67          LUT4 (Prop_lut4_I2_O)        0.045     0.643 f  compteur_stabilite[1]_i_3/O
                         net (fo=4, routed)           0.201     0.844    compteur_stabilite[1]_i_3_n_0
    SLICE_X0Y64          LUT6 (Prop_lut6_I4_O)        0.045     0.889 r  compteur_stabilite[1]_i_1/O
                         net (fo=1, routed)           0.000     0.889    compteur_stabilite[1]_i_1_n_0
    SLICE_X0Y64          FDRE                                         r  compteur_stabilite_reg[1]/D
  -------------------------------------------------------------------    -------------------

                         (clock clk rise edge)        0.000     0.000 r  <hidden>
    R10                                               0.000     0.000 r  clk
                         net (fo=0)                   0.000     0.000    clk
    R10                  IBUF (Prop_ibuf_I_O)         0.436     0.436 r  clk_IBUF_inst/O
                         net (fo=1, routed)           1.290     1.726    clk_IBUF
    BUFGCTRL_X0Y0        BUFG (Prop_bufg_I_O)         0.029     1.755 r  clk_IBUF_BUFG_inst/O
                         net (fo=4, routed)           0.858     2.614    clk_IBUF_BUFG
    SLICE_X0Y64          FDRE                                         r  compteur_stabilite_reg[1]/C

Slack:                    inf
  Source:                 flux_data_in[1]
                            (input port)
  Destination:            compteur_stabilite_reg[0]/D
                            (rising edge-triggered cell FDRE clocked by clk  {rise@0.000ns fall@5.000ns period=10.000ns})
  Path Group:             (none)
  Path Type:              Hold (Min at Fast Process Corner)
  Data Path Delay:        0.940ns  (logic 0.339ns (36.100%)  route 0.600ns (63.900%))
  Logic Levels:           3  (IBUF=1 LUT4=1 LUT6=1)
  Clock Path Skew:        2.614ns (DCD - SCD - CPR)
    Destination Clock Delay (DCD):    2.614ns
    Source Clock Delay      (SCD):    0.000ns
    Clock Pessimism Removal (CPR):    -0.000ns

    Location             Delay type                Incr(ns)  Path(ns)    Netlist Resource(s)
  -------------------------------------------------------------------    -------------------
    G14                                               0.000     0.000 r  flux_data_in[1]
                         net (fo=0)                   0.000     0.000    flux_data_in[1]
    G14                  IBUF (Prop_ibuf_I_O)         0.249     0.249 r  flux_data_in_IBUF[1]_inst/O
                         net (fo=1, routed)           0.335     0.584    flux_data_in_IBUF[1]
    SLICE_X0Y69          LUT4 (Prop_lut4_I3_O)        0.045     0.629 f  compteur_stabilite[1]_i_2/O
                         net (fo=4, routed)           0.266     0.895    compteur_stabilite[1]_i_2_n_0
    SLICE_X0Y64          LUT6 (Prop_lut6_I3_O)        0.045     0.940 r  compteur_stabilite[0]_i_1/O
                         net (fo=1, routed)           0.000     0.940    compteur_stabilite[0]_i_1_n_0
    SLICE_X0Y64          FDRE                                         r  compteur_stabilite_reg[0]/D
  -------------------------------------------------------------------    -------------------

                         (clock clk rise edge)        0.000     0.000 r  <hidden>
    R10                                               0.000     0.000 r  clk
                         net (fo=0)                   0.000     0.000    clk
    R10                  IBUF (Prop_ibuf_I_O)         0.436     0.436 r  clk_IBUF_inst/O
                         net (fo=1, routed)           1.290     1.726    clk_IBUF
    BUFGCTRL_X0Y0        BUFG (Prop_bufg_I_O)         0.029     1.755 r  clk_IBUF_BUFG_inst/O
                         net (fo=4, routed)           0.858     2.614    clk_IBUF_BUFG
    SLICE_X0Y64          FDRE                                         r  compteur_stabilite_reg[0]/C

Slack:                    inf
  Source:                 flux_data_in[4]
                            (input port)
  Destination:            reg_statut_reg/D
                            (rising edge-triggered cell FDRE clocked by clk  {rise@0.000ns fall@5.000ns period=10.000ns})
  Path Group:             (none)
  Path Type:              Hold (Min at Fast Process Corner)
  Data Path Delay:        1.065ns  (logic 0.353ns (33.152%)  route 0.712ns (66.848%))
  Logic Levels:           3  (IBUF=1 LUT4=1 LUT5=1)
  Clock Path Skew:        2.614ns (DCD - SCD - CPR)
    Destination Clock Delay (DCD):    2.614ns
    Source Clock Delay      (SCD):    0.000ns
    Clock Pessimism Removal (CPR):    -0.000ns

    Location             Delay type                Incr(ns)  Path(ns)    Netlist Resource(s)
  -------------------------------------------------------------------    -------------------
    D17                                               0.000     0.000 f  flux_data_in[4]
                         net (fo=0)                   0.000     0.000    flux_data_in[4]
    D17                  IBUF (Prop_ibuf_I_O)         0.263     0.263 f  flux_data_in_IBUF[4]_inst/O
                         net (fo=1, routed)           0.335     0.598    flux_data_in_IBUF[4]
    SLICE_X0Y67          LUT4 (Prop_lut4_I2_O)        0.045     0.643 r  compteur_stabilite[1]_i_3/O
                         net (fo=4, routed)           0.202     0.845    compteur_stabilite[1]_i_3_n_0
    SLICE_X0Y64          LUT5 (Prop_lut5_I2_O)        0.045     0.890 r  reg_statut_i_2/O
                         net (fo=3, routed)           0.175     1.065    reg_statut_i_2_n_0
    SLICE_X0Y63          FDRE                                         r  reg_statut_reg/D
  -------------------------------------------------------------------    -------------------

                         (clock clk rise edge)        0.000     0.000 r  <hidden>
    R10                                               0.000     0.000 r  clk
                         net (fo=0)                   0.000     0.000    clk
    R10                  IBUF (Prop_ibuf_I_O)         0.436     0.436 r  clk_IBUF_inst/O
                         net (fo=1, routed)           1.290     1.726    clk_IBUF
    BUFGCTRL_X0Y0        BUFG (Prop_bufg_I_O)         0.029     1.755 r  clk_IBUF_BUFG_inst/O
                         net (fo=4, routed)           0.858     2.614    clk_IBUF_BUFG
    SLICE_X0Y63          FDRE                                         r  reg_statut_reg/C

Slack:                    inf
  Source:                 flux_data_in[4]
                            (input port)
  Destination:            reg_secours_reg/S
                            (rising edge-triggered cell FDSE clocked by clk  {rise@0.000ns fall@5.000ns period=10.000ns})
  Path Group:             (none)
  Path Type:              Hold (Min at Fast Process Corner)
  Data Path Delay:        1.068ns  (logic 0.353ns (33.043%)  route 0.715ns (66.957%))
  Logic Levels:           3  (IBUF=1 LUT4=1 LUT6=1)
  Clock Path Skew:        2.614ns (DCD - SCD - CPR)
    Destination Clock Delay (DCD):    2.614ns
    Source Clock Delay      (SCD):    0.000ns
    Clock Pessimism Removal (CPR):    -0.000ns

    Location             Delay type                Incr(ns)  Path(ns)    Netlist Resource(s)
  -------------------------------------------------------------------    -------------------
    D17                                               0.000     0.000 r  flux_data_in[4]
                         net (fo=0)                   0.000     0.000    flux_data_in[4]
    D17                  IBUF (Prop_ibuf_I_O)         0.263     0.263 r  flux_data_in_IBUF[4]_inst/O
                         net (fo=1, routed)           0.335     0.598    flux_data_in_IBUF[4]
    SLICE_X0Y67          LUT4 (Prop_lut4_I2_O)        0.045     0.643 f  compteur_stabilite[1]_i_3/O
                         net (fo=4, routed)           0.201     0.844    compteur_stabilite[1]_i_3_n_0
    SLICE_X0Y64          LUT6 (Prop_lut6_I4_O)        0.045     0.889 r  reg_statut_i_1/O
                         net (fo=2, routed)           0.179     1.068    reg_secours
    SLICE_X0Y63          FDSE                                         r  reg_secours_reg/S
  -------------------------------------------------------------------    -------------------

                         (clock clk rise edge)        0.000     0.000 r  <hidden>
    R10                                               0.000     0.000 r  clk
                         net (fo=0)                   0.000     0.000    clk
    R10                  IBUF (Prop_ibuf_I_O)         0.436     0.436 r  clk_IBUF_inst/O
                         net (fo=1, routed)           1.290     1.726    clk_IBUF
    BUFGCTRL_X0Y0        BUFG (Prop_bufg_I_O)         0.029     1.755 r  clk_IBUF_BUFG_inst/O
                         net (fo=4, routed)           0.858     2.614    clk_IBUF_BUFG
    SLICE_X0Y63          FDSE                                         r  reg_secours_reg/C

Slack:                    inf
  Source:                 flux_data_in[4]
                            (input port)
  Destination:            reg_statut_reg/R
                            (rising edge-triggered cell FDRE clocked by clk  {rise@0.000ns fall@5.000ns period=10.000ns})
  Path Group:             (none)
  Path Type:              Hold (Min at Fast Process Corner)
  Data Path Delay:        1.068ns  (logic 0.353ns (33.043%)  route 0.715ns (66.957%))
  Logic Levels:           3  (IBUF=1 LUT4=1 LUT6=1)
  Clock Path Skew:        2.614ns (DCD - SCD - CPR)
    Destination Clock Delay (DCD):    2.614ns
    Source Clock Delay      (SCD):    0.000ns
    Clock Pessimism Removal (CPR):    -0.000ns

    Location             Delay type                Incr(ns)  Path(ns)    Netlist Resource(s)
  -------------------------------------------------------------------    -------------------
    D17                                               0.000     0.000 r  flux_data_in[4]
                         net (fo=0)                   0.000     0.000    flux_data_in[4]
    D17                  IBUF (Prop_ibuf_I_O)         0.263     0.263 r  flux_data_in_IBUF[4]_inst/O
                         net (fo=1, routed)           0.335     0.598    flux_data_in_IBUF[4]
    SLICE_X0Y67          LUT4 (Prop_lut4_I2_O)        0.045     0.643 f  compteur_stabilite[1]_i_3/O
                         net (fo=4, routed)           0.201     0.844    compteur_stabilite[1]_i_3_n_0
    SLICE_X0Y64          LUT6 (Prop_lut6_I4_O)        0.045     0.889 r  reg_statut_i_1/O
                         net (fo=2, routed)           0.179     1.068    reg_secours
    SLICE_X0Y63          FDRE                                         r  reg_statut_reg/R
  -------------------------------------------------------------------    -------------------

                         (clock clk rise edge)        0.000     0.000 r  <hidden>
    R10                                               0.000     0.000 r  clk
                         net (fo=0)                   0.000     0.000    clk
    R10                  IBUF (Prop_ibuf_I_O)         0.436     0.436 r  clk_IBUF_inst/O
                         net (fo=1, routed)           1.290     1.726    clk_IBUF
    BUFGCTRL_X0Y0        BUFG (Prop_bufg_I_O)         0.029     1.755 r  clk_IBUF_BUFG_inst/O
                         net (fo=4, routed)           0.858     2.614    clk_IBUF_BUFG
    SLICE_X0Y63          FDRE                                         r  reg_statut_reg/C

Slack:                    inf
  Source:                 flux_data_in[4]
                            (input port)
  Destination:            reg_secours_reg/CE
                            (rising edge-triggered cell FDSE clocked by clk  {rise@0.000ns fall@5.000ns period=10.000ns})
  Path Group:             (none)
  Path Type:              Hold (Min at Fast Process Corner)
  Data Path Delay:        1.070ns  (logic 0.353ns (32.985%)  route 0.717ns (67.015%))
  Logic Levels:           3  (IBUF=1 LUT4=1 LUT5=1)
  Clock Path Skew:        2.614ns (DCD - SCD - CPR)
    Destination Clock Delay (DCD):    2.614ns
    Source Clock Delay      (SCD):    0.000ns
    Clock Pessimism Removal (CPR):    -0.000ns

    Location             Delay type                Incr(ns)  Path(ns)    Netlist Resource(s)
  -------------------------------------------------------------------    -------------------
    D17                                               0.000     0.000 f  flux_data_in[4]
                         net (fo=0)                   0.000     0.000    flux_data_in[4]
    D17                  IBUF (Prop_ibuf_I_O)         0.263     0.263 f  flux_data_in_IBUF[4]_inst/O
                         net (fo=1, routed)           0.335     0.598    flux_data_in_IBUF[4]
    SLICE_X0Y67          LUT4 (Prop_lut4_I2_O)        0.045     0.643 r  compteur_stabilite[1]_i_3/O
                         net (fo=4, routed)           0.202     0.845    compteur_stabilite[1]_i_3_n_0
    SLICE_X0Y64          LUT5 (Prop_lut5_I2_O)        0.045     0.890 r  reg_statut_i_2/O
                         net (fo=3, routed)           0.180     1.070    reg_statut_i_2_n_0
    SLICE_X0Y63          FDSE                                         r  reg_secours_reg/CE
  -------------------------------------------------------------------    -------------------

                         (clock clk rise edge)        0.000     0.000 r  <hidden>
    R10                                               0.000     0.000 r  clk
                         net (fo=0)                   0.000     0.000    clk
    R10                  IBUF (Prop_ibuf_I_O)         0.436     0.436 r  clk_IBUF_inst/O
                         net (fo=1, routed)           1.290     1.726    clk_IBUF
    BUFGCTRL_X0Y0        BUFG (Prop_bufg_I_O)         0.029     1.755 r  clk_IBUF_BUFG_inst/O
                         net (fo=4, routed)           0.858     2.614    clk_IBUF_BUFG
    SLICE_X0Y63          FDSE                                         r  reg_secours_reg/C

Slack:                    inf
  Source:                 flux_data_in[4]
                            (input port)
  Destination:            reg_statut_reg/CE
                            (rising edge-triggered cell FDRE clocked by clk  {rise@0.000ns fall@5.000ns period=10.000ns})
  Path Group:             (none)
  Path Type:              Hold (Min at Fast Process Corner)
  Data Path Delay:        1.070ns  (logic 0.353ns (32.985%)  route 0.717ns (67.015%))
  Logic Levels:           3  (IBUF=1 LUT4=1 LUT5=1)
  Clock Path Skew:        2.614ns (DCD - SCD - CPR)
    Destination Clock Delay (DCD):    2.614ns
    Source Clock Delay      (SCD):    0.000ns
    Clock Pessimism Removal (CPR):    -0.000ns

    Location             Delay type                Incr(ns)  Path(ns)    Netlist Resource(s)
  -------------------------------------------------------------------    -------------------
    D17                                               0.000     0.000 f  flux_data_in[4]
                         net (fo=0)                   0.000     0.000    flux_data_in[4]
    D17                  IBUF (Prop_ibuf_I_O)         0.263     0.263 f  flux_data_in_IBUF[4]_inst/O
                         net (fo=1, routed)           0.335     0.598    flux_data_in_IBUF[4]
    SLICE_X0Y67          LUT4 (Prop_lut4_I2_O)        0.045     0.643 r  compteur_stabilite[1]_i_3/O
                         net (fo=4, routed)           0.202     0.845    compteur_stabilite[1]_i_3_n_0
    SLICE_X0Y64          LUT5 (Prop_lut5_I2_O)        0.045     0.890 r  reg_statut_i_2/O
                         net (fo=3, routed)           0.180     1.070    reg_statut_i_2_n_0
    SLICE_X0Y63          FDRE                                         r  reg_statut_reg/CE
  -------------------------------------------------------------------    -------------------

                         (clock clk rise edge)        0.000     0.000 r  <hidden>
    R10                                               0.000     0.000 r  clk
                         net (fo=0)                   0.000     0.000    clk
    R10                  IBUF (Prop_ibuf_I_O)         0.436     0.436 r  clk_IBUF_inst/O
                         net (fo=1, routed)           1.290     1.726    clk_IBUF
    BUFGCTRL_X0Y0        BUFG (Prop_bufg_I_O)         0.029     1.755 r  clk_IBUF_BUFG_inst/O
                         net (fo=4, routed)           0.858     2.614    clk_IBUF_BUFG
    SLICE_X0Y63          FDRE                                         r  reg_statut_reg/C





